effect,term,estimate,std.error,statistic,p.value,sig
fixed,(Intercept),-2.066190045,0.197279487,-10.47341554,1.14E-25,TRUE
fixed,age_dev,0.916146188,0.374848248,2.444045536,0.014523593,TRUE
fixed,language_dev,0.725453133,0.375011783,1.934480905,0.053054028,FALSE
fixed,viewpoint_dev,-0.32704731,0.333531674,-0.980558477,0.326810519,FALSE
fixed,age_dev:language_dev,-1.730036573,0.753254383,-2.296749426,0.021633068,TRUE
fixed,age_dev:viewpoint_dev,1.674549627,0.667713411,2.507886767,0.012145558,TRUE
fixed,language_dev:viewpoint_dev,1.173454009,0.66714261,1.758925291,0.078590199,FALSE
fixed,age_dev:language_dev:viewpoint_dev,-1.452738769,1.333874917,-1.089111693,0.276104634,FALSE
fixed,(Intercept),-1.860515092,0.246544918,-7.546353456,4.48E-14,TRUE
fixed,age_dev,1.423468053,0.474452928,3.000230307,0.002697755,TRUE
fixed,language_dev,0.301883776,0.472330456,0.639136801,0.522733942,FALSE
fixed,viewpoint_dev,-0.57287569,0.269899396,-2.122552692,0.033791353,TRUE
fixed,age_dev:language_dev,-1.590048856,0.942687986,-1.686718066,0.091657577,FALSE
fixed,age_dev:viewpoint_dev,1.052192178,0.539782341,1.949289738,0.051260833,FALSE
fixed,language_dev:viewpoint_dev,0.042243911,0.538831786,0.078399071,0.937510613,FALSE
fixed,age_dev:language_dev:viewpoint_dev,-0.129058232,1.07759435,-0.119765135,0.904669202,FALSE
fixed,(Intercept),-2.011056107,0.268905846,-7.478662662,7.51E-14,TRUE
fixed,age_dev,1.672889513,0.515862178,3.242900112,0.001183197,TRUE
fixed,language_dev,0.977857856,0.513889399,1.90285664,0.057059254,FALSE
fixed,viewpoint_dev,-0.330541852,0.348064475,-0.949656961,0.342286585,FALSE
fixed,age_dev:language_dev,-2.852889015,1.026173447,-2.780123598,0.005433821,TRUE
fixed,age_dev:viewpoint_dev,1.376730503,0.696880404,1.975562083,0.048204397,TRUE
fixed,language_dev:viewpoint_dev,0.930602805,0.696301037,1.336494929,0.181387557,FALSE
fixed,age_dev:language_dev:viewpoint_dev,-0.854263918,1.392097072,-0.61365255,0.53944495,FALSE
fixed,(Intercept),-3.786209666,12.55684032,-0.301525668,0.76301368,FALSE
fixed,age_dev,4.837818297,25.11394288,0.192634758,0.847245022,FALSE
fixed,language_dev,4.426283351,25.11300739,0.176254611,0.860093919,FALSE
fixed,viewpoint_dev,3.494591156,25.11247279,0.139157589,0.889325622,FALSE
fixed,age_dev:language_dev,-9.244126306,50.2240179,-0.184057881,0.853968048,FALSE
fixed,age_dev:viewpoint_dev,-6.591500566,50.22481823,-0.131239909,0.895585526,FALSE
fixed,language_dev:viewpoint_dev,-7.163210178,50.22393436,-0.142625429,0.886586013,FALSE
fixed,age_dev:language_dev:viewpoint_dev,15.6291489,100.447307,0.155595499,0.876351873,FALSE
fixed,(Intercept),-1.482259245,0.153149301,-9.678524417,3.72E-22,TRUE
fixed,age_dev,0.77287771,0.295347545,2.616841491,0.008874754,TRUE
fixed,language_dev,0.089108235,0.293223633,0.303891723,0.761210384,FALSE
fixed,viewpoint_dev,0.130686117,0.223168252,0.585594573,0.558147996,FALSE
fixed,age_dev:language_dev,-0.704777195,0.586460286,-1.201747522,0.229461363,FALSE
fixed,age_dev:viewpoint_dev,0.88903458,0.446121028,1.992810303,0.046282223,TRUE
fixed,language_dev:viewpoint_dev,0.478597543,0.446063766,1.072935259,0.283300165,FALSE
fixed,age_dev:language_dev:viewpoint_dev,0.368968951,0.892598926,0.413364772,0.679339381,FALSE
fixed,(Intercept),-2.002761636,0.242921468,-8.244481859,1.66E-16,TRUE
fixed,age_dev,1.435843236,0.463290036,3.099231849,0.001940231,TRUE
fixed,language_dev,0.253061533,0.461686122,0.548124626,0.583606333,FALSE
fixed,viewpoint_dev,-0.538430443,0.336777445,-1.598772278,0.109871211,FALSE
fixed,age_dev:language_dev,-2.995161936,0.934370234,-3.205540829,0.001348089,TRUE
fixed,age_dev:viewpoint_dev,1.543238647,0.673972314,2.28976564,0.022034906,TRUE
fixed,language_dev:viewpoint_dev,1.53193797,0.674070768,2.272666378,0.023046292,TRUE
fixed,age_dev:language_dev:viewpoint_dev,-0.502788112,1.347110986,-0.373234364,0.708974022,FALSE
fixed,(Intercept),-1.780515459,0.204710403,-8.697728263,3.39E-18,TRUE
fixed,age_dev,0.698808952,0.392953105,1.778352029,0.075346056,FALSE
fixed,language_dev,-0.113421321,0.394957731,-0.287173314,0.773979618,FALSE
fixed,viewpoint_dev,0.047712324,0.245313535,0.194495277,0.845788094,FALSE
fixed,age_dev:language_dev,-1.191484012,0.787666729,-1.512675309,0.130362154,FALSE
fixed,age_dev:viewpoint_dev,1.336203814,0.491415376,2.719092399,0.006546132,TRUE
fixed,language_dev:viewpoint_dev,-0.245215529,0.490606798,-0.499820895,0.617201196,FALSE
fixed,age_dev:language_dev:viewpoint_dev,1.513998282,0.981256966,1.542917233,0.122850859,FALSE
fixed,(Intercept),-2.048961209,0.254207232,-8.060200293,7.62E-16,TRUE
fixed,age_dev,1.129651084,0.487520924,2.317133537,0.020496459,TRUE
fixed,language_dev,1.605262722,0.490673938,3.271546743,0.001069609,TRUE
fixed,viewpoint_dev,-0.026021165,0.399509005,-0.065132862,0.948068216,FALSE
fixed,age_dev:language_dev,-3.825224616,0.977628366,-3.91275944,9.12E-05,TRUE
fixed,age_dev:viewpoint_dev,1.307358303,0.79936445,1.635497179,0.101944866,FALSE
fixed,language_dev:viewpoint_dev,0.219403459,0.799023499,0.274589495,0.783631638,FALSE
fixed,age_dev:language_dev:viewpoint_dev,1.662798855,1.598657058,1.040122299,0.298283085,FALSE
fixed,(Intercept),-2.034928926,0.2112872,-9.631103669,5.91E-22,TRUE
fixed,age_dev,1.030800187,0.395889767,2.603755573,0.009220849,TRUE
fixed,language_dev,0.383903354,0.396144117,0.969100227,0.332495184,FALSE
fixed,viewpoint_dev,0.316256994,0.287064496,1.101693167,0.270595089,FALSE
fixed,age_dev:language_dev,-1.647003533,0.794726332,-2.072415958,0.038226666,TRUE
fixed,age_dev:viewpoint_dev,0.687190519,0.573033092,1.199216117,0.230443922,FALSE
fixed,language_dev:viewpoint_dev,0.586768467,0.572970518,1.024081428,0.305796816,FALSE
fixed,age_dev:language_dev:viewpoint_dev,0.093542977,1.146506419,0.08158958,0.934973088,FALSE
fixed,(Intercept),-1.685708009,0.200753103,-8.396921306,4.58E-17,TRUE
fixed,age_dev,0.839323484,0.387458103,2.166230305,0.030293592,TRUE
fixed,language_dev,0.712163304,0.38854836,1.832882022,0.066820118,FALSE
fixed,viewpoint_dev,-0.106777743,0.262660785,-0.406523353,0.684358102,FALSE
fixed,age_dev:language_dev,-1.985180812,0.777036741,-2.554809455,0.010624594,TRUE
fixed,age_dev:viewpoint_dev,0.756545724,0.525626616,1.439321566,0.150059435,FALSE
fixed,language_dev:viewpoint_dev,0.051298239,0.525367936,0.097642502,0.922216174,FALSE
fixed,age_dev:language_dev:viewpoint_dev,0.842468999,1.050893664,0.80166912,0.422744383,FALSE
fixed,(Intercept),-1.517757391,0.154592575,-9.817789703,9.44E-23,TRUE
fixed,age_dev,1.036381103,0.29789906,3.478967348,0.00050335,TRUE
fixed,language_dev,0.137395009,0.296180752,0.463889053,0.642727236,FALSE
fixed,viewpoint_dev,0.033116231,0.242237225,0.136709915,0.891260092,FALSE
fixed,age_dev:language_dev,-1.180188593,0.593763468,-1.987640967,0.046851412,TRUE
fixed,age_dev:viewpoint_dev,0.436279355,0.484699338,0.900103055,0.36806541,FALSE
fixed,language_dev:viewpoint_dev,-1.241480782,0.484806502,-2.560775847,0.010443872,TRUE
fixed,age_dev:language_dev:viewpoint_dev,1.907489301,0.969281155,1.967942213,0.049074687,TRUE
fixed,(Intercept),-1.857198444,0.168278882,-11.03643201,2.55E-28,TRUE
fixed,age_dev,0.432832103,0.314826364,1.374828009,0.169184772,FALSE
fixed,language_dev,0.169363217,0.314149352,0.539116875,0.589806213,FALSE
fixed,viewpoint_dev,-0.351370569,0.250482946,-1.402772422,0.160684713,FALSE
fixed,age_dev:language_dev,-0.752896854,0.627542933,-1.199753537,0.230235074,FALSE
fixed,age_dev:viewpoint_dev,1.730090003,0.502214607,3.444921711,0.000571225,TRUE
fixed,language_dev:viewpoint_dev,0.182462112,0.500543394,0.36452806,0.715463724,FALSE
fixed,age_dev:language_dev:viewpoint_dev,1.06416589,1.001035,1.063065617,0.287752195,FALSE
fixed,(Intercept),-1.965905292,0.210669987,-9.331681851,1.04E-20,TRUE
fixed,age_dev,0.378051719,0.394335128,0.958706676,0.337706535,FALSE
fixed,language_dev,0.920693238,0.396831431,2.320111677,0.020334837,TRUE
fixed,viewpoint_dev,-0.105654581,0.276140231,-0.382612053,0.702007432,FALSE
fixed,age_dev:language_dev,-1.83511165,0.790741564,-2.320747681,0.020300466,TRUE
fixed,age_dev:viewpoint_dev,1.500615094,0.552859391,2.714279829,0.006642003,TRUE
fixed,language_dev:viewpoint_dev,0.779740832,0.552320526,1.411754218,0.158022343,FALSE
fixed,age_dev:language_dev:viewpoint_dev,1.296177674,1.105280164,1.172714138,0.24091046,FALSE
fixed,(Intercept),-1.924942311,0.225313677,-8.54338865,1.30E-17,TRUE
fixed,age_dev,1.153285282,0.438787646,2.628344927,0.008580147,TRUE
fixed,language_dev,1.602037194,0.439179527,3.647795711,0.0002645,TRUE
fixed,viewpoint_dev,-0.637468772,0.355786263,-1.791718339,0.073178095,FALSE
fixed,age_dev:language_dev,-2.144197015,0.878484588,-2.440790702,0.014655146,TRUE
fixed,age_dev:viewpoint_dev,1.089161352,0.711336133,1.53114864,0.125732661,FALSE
fixed,language_dev:viewpoint_dev,0.370665135,0.710991722,0.521335374,0.602133163,FALSE
fixed,age_dev:language_dev:viewpoint_dev,0.169972942,1.42221544,0.119512795,0.904869104,FALSE
fixed,(Intercept),-1.810875057,0.177172686,-10.22096067,1.60E-24,TRUE
fixed,age_dev,0.727752473,0.337845932,2.154095712,0.031232667,TRUE
fixed,language_dev,0.731278188,0.340020214,2.150690339,0.031500649,TRUE
fixed,viewpoint_dev,-0.414174245,0.278899286,-1.485031571,0.137535461,FALSE
fixed,age_dev:language_dev,-1.050935529,0.674621533,-1.557814979,0.119277114,FALSE
fixed,age_dev:viewpoint_dev,2.51088959,0.560088006,4.483026887,7.36E-06,TRUE
fixed,language_dev:viewpoint_dev,0.014914374,0.557603044,0.026747296,0.97866129,FALSE
fixed,age_dev:language_dev:viewpoint_dev,0.11673154,1.115283004,0.104665399,0.916641319,FALSE
fixed,(Intercept),-1.979467399,0.270326176,-7.322514713,2.43E-13,TRUE
fixed,age_dev,1.076909616,0.511816185,2.104094492,0.035370205,TRUE
fixed,language_dev,0.398790653,0.508884785,0.783656074,0.433241944,FALSE
fixed,viewpoint_dev,0.063305908,0.275937642,0.229421064,0.818541666,FALSE
fixed,age_dev:language_dev,-2.424614724,1.023274539,-2.369466483,0.01781377,TRUE
fixed,age_dev:viewpoint_dev,0.903526335,0.552257246,1.636060625,0.1018269,FALSE
fixed,language_dev:viewpoint_dev,0.627453304,0.551923368,1.136848591,0.255601586,FALSE
fixed,age_dev:language_dev:viewpoint_dev,-0.14627092,1.103383122,-0.132565849,0.894536743,FALSE
fixed,(Intercept),-1.615576247,0.203470915,-7.940084456,2.02E-15,TRUE
fixed,age_dev,0.947534141,0.389221162,2.434436341,0.014915003,TRUE
fixed,language_dev,0.78829521,0.389151075,2.025679126,0.042797677,TRUE
fixed,viewpoint_dev,0.170710808,0.241462228,0.70698763,0.479574165,FALSE
fixed,age_dev:language_dev,-0.410150061,0.77747518,-0.527541034,0.597817929,FALSE
fixed,age_dev:viewpoint_dev,1.002063626,0.483693498,2.071691329,0.038294237,TRUE
fixed,language_dev:viewpoint_dev,-0.441835317,0.482785256,-0.915179807,0.360097244,FALSE
fixed,age_dev:language_dev:viewpoint_dev,0.796524539,0.965782847,0.824744963,0.409516399,FALSE
fixed,(Intercept),-1.740438088,0.226149505,-7.695962411,1.40E-14,TRUE
fixed,age_dev,0.773327017,0.432494491,1.788062123,0.073765986,FALSE
fixed,language_dev,0.534557081,0.433511336,1.233086742,0.217543403,FALSE
fixed,viewpoint_dev,-0.148926335,0.258107677,-0.576993044,0.563944154,FALSE
fixed,age_dev:language_dev,-2.341157812,0.865984283,-2.703464553,0.006862077,TRUE
fixed,age_dev:viewpoint_dev,0.943796159,0.516412011,1.827603037,0.06760915,FALSE
fixed,language_dev:viewpoint_dev,0.101925668,0.516386524,0.197382509,0.843528216,FALSE
fixed,age_dev:language_dev:viewpoint_dev,0.983454139,1.033327124,0.95173553,0.341231125,FALSE
fixed,(Intercept),-1.693574551,0.176288292,-9.606846458,7.48E-22,TRUE
fixed,age_dev,0.238530526,0.33905789,0.703509733,0.481738143,FALSE
fixed,language_dev,0.389043242,0.339124526,1.147198781,0.251299475,FALSE
fixed,viewpoint_dev,-0.105697633,0.241628537,-0.437438533,0.661793344,FALSE
fixed,age_dev:language_dev,-1.519828217,0.678679303,-2.239390845,0.025130497,TRUE
fixed,age_dev:viewpoint_dev,1.603205643,0.48462686,3.308123784,0.000939233,TRUE
fixed,language_dev:viewpoint_dev,0.511764157,0.483263298,1.05897584,0.289610783,FALSE
fixed,age_dev:language_dev:viewpoint_dev,1.723420862,0.968317913,1.779808923,0.075107237,FALSE
fixed,(Intercept),-1.776352577,0.178248261,-9.965609596,2.16E-23,TRUE
fixed,age_dev,0.855100421,0.333611062,2.563165669,0.010372254,TRUE
fixed,language_dev,0.14705426,0.330347006,0.445150878,0.656210723,FALSE
fixed,viewpoint_dev,0.103154783,0.244862723,0.421275978,0.673553569,FALSE
fixed,age_dev:language_dev,-0.658667082,0.663531668,-0.992668646,0.320871459,FALSE
fixed,age_dev:viewpoint_dev,1.045095783,0.490138931,2.132243976,0.032986795,TRUE
fixed,language_dev:viewpoint_dev,0.408713454,0.489711484,0.83460051,0.403942675,FALSE
fixed,age_dev:language_dev:viewpoint_dev,1.035577807,0.979667736,1.057070442,0.29047944,FALSE
fixed,(Intercept),-1.698535596,0.185499899,-9.15653112,5.36E-20,TRUE
fixed,age_dev,0.85155666,0.359227001,2.370525207,0.017762833,TRUE
fixed,language_dev,0.23440245,0.357122497,0.656364278,0.511589769,FALSE
fixed,viewpoint_dev,0.362089938,0.256663033,1.410759992,0.158315395,FALSE
fixed,age_dev:language_dev,-1.880657442,0.714272066,-2.632970727,0.008464164,TRUE
fixed,age_dev:viewpoint_dev,0.253420894,0.512960371,0.494036009,0.621280749,FALSE
fixed,language_dev:viewpoint_dev,0.198307651,0.513009627,0.386557367,0.699083925,FALSE
fixed,age_dev:language_dev:viewpoint_dev,0.243691233,1.026058887,0.23750219,0.81226722,FALSE
fixed,(Intercept),-2.156125388,0.269412392,-8.003066859,1.21E-15,TRUE
fixed,age_dev,0.561324478,0.5103178,1.099950812,0.271353554,FALSE
fixed,language_dev,0.905525974,0.511428777,1.770580802,0.076630437,FALSE
fixed,viewpoint_dev,0.051836009,0.300182022,0.172681922,0.862901454,FALSE
fixed,age_dev:language_dev,-2.084391512,1.024435224,-2.034673802,0.041883706,TRUE
fixed,age_dev:viewpoint_dev,1.205067786,0.601560574,2.003235981,0.045151965,TRUE
fixed,language_dev:viewpoint_dev,-0.228966009,0.600370765,-0.381374349,0.702925492,FALSE
fixed,age_dev:language_dev:viewpoint_dev,2.426872085,1.201583307,2.01972853,0.043411554,TRUE
fixed,(Intercept),-1.841362145,0.240592833,-7.653437219,1.96E-14,TRUE
fixed,age_dev,1.180343014,0.456027188,2.588317201,0.009644612,TRUE
fixed,language_dev,0.25128483,0.446980294,0.562183241,0.573991178,FALSE
fixed,viewpoint_dev,-0.036224415,0.27575394,-0.131364994,0.895486579,FALSE
fixed,age_dev:language_dev,-2.93561176,0.902368063,-3.253231005,0.001141007,TRUE
fixed,age_dev:viewpoint_dev,0.978617283,0.552533303,1.771146243,0.076536386,FALSE
fixed,language_dev:viewpoint_dev,-0.449014045,0.551173352,-0.814651222,0.415271981,FALSE
fixed,age_dev:language_dev:viewpoint_dev,-0.308234455,1.102863387,-0.279485617,0.779872174,FALSE
fixed,(Intercept),-1.894880739,0.229152572,-8.269079091,1.35E-16,TRUE
fixed,age_dev,1.691659523,0.441039091,3.835622642,0.000125247,TRUE
fixed,language_dev,0.855434978,0.438397045,1.951279071,0.051023857,FALSE
fixed,viewpoint_dev,-0.470242322,0.337820475,-1.391988812,0.163925786,FALSE
fixed,age_dev:language_dev,-1.600715627,0.877624031,-1.823919548,0.068164236,FALSE
fixed,age_dev:viewpoint_dev,1.538285619,0.676126779,2.275143753,0.022897308,TRUE
fixed,language_dev:viewpoint_dev,1.199615117,0.675816739,1.775059786,0.075888016,FALSE
fixed,age_dev:language_dev:viewpoint_dev,-0.276023677,1.351021364,-0.204307411,0.838113279,FALSE
fixed,(Intercept),-1.457851639,0.148727972,-9.802134894,1.10E-22,TRUE
fixed,age_dev,0.070131343,0.284424317,0.24657295,0.805238741,FALSE
fixed,language_dev,0.199977286,0.284311551,0.703373765,0.481822852,FALSE
fixed,viewpoint_dev,-0.2178105,0.222226672,-0.980127626,0.327023124,FALSE
fixed,age_dev:language_dev,-1.613080849,0.573001832,-2.815140821,0.004875586,TRUE
fixed,age_dev:viewpoint_dev,0.797310706,0.444676628,1.793012393,0.072970943,FALSE
fixed,language_dev:viewpoint_dev,0.158698025,0.444339523,0.357154872,0.720975868,FALSE
fixed,age_dev:language_dev:viewpoint_dev,0.755062301,0.888790698,0.849538933,0.395581476,FALSE
fixed,(Intercept),-1.541918583,0.179597259,-8.585423811,9.05E-18,TRUE
fixed,age_dev,0.282397568,0.347451031,0.812769405,0.41635028,FALSE
fixed,language_dev,0.662268344,0.347805119,1.904136277,0.056892438,FALSE
fixed,viewpoint_dev,0.215397837,0.227070771,0.948593409,0.342827444,FALSE
fixed,age_dev:language_dev,-0.697953583,0.695116105,-1.00408202,0.315339081,FALSE
fixed,age_dev:viewpoint_dev,1.031359149,0.454559163,2.268921703,0.023273088,TRUE
fixed,language_dev:viewpoint_dev,-0.455483682,0.453898239,-1.00349295,0.315623077,FALSE
fixed,age_dev:language_dev:viewpoint_dev,1.948165479,0.909722166,2.14149501,0.03223414,TRUE
fixed,(Intercept),-1.983213614,0.196888178,-10.07279173,7.29E-24,TRUE
fixed,age_dev,0.82683658,0.367183078,2.251837379,0.024332551,TRUE
fixed,language_dev,0.923373737,0.367044179,2.515701898,0.011879561,TRUE
fixed,viewpoint_dev,-0.196573107,0.284142141,-0.691812578,0.489055037,FALSE
fixed,age_dev:language_dev,-0.34144336,0.731282755,-0.466910176,0.640564144,FALSE
fixed,age_dev:viewpoint_dev,1.41402454,0.569088248,2.484719276,0.012965363,TRUE
fixed,language_dev:viewpoint_dev,0.994157657,0.568811498,1.747780523,0.080502039,FALSE
fixed,age_dev:language_dev:viewpoint_dev,-0.450629685,1.136575771,-0.396480108,0.691750879,FALSE
fixed,(Intercept),-2.008789823,0.226247139,-8.878741307,6.76E-19,TRUE
fixed,age_dev,0.846356145,0.425187908,1.990546129,0.046530808,TRUE
fixed,language_dev,0.378842451,0.423762668,0.893996757,0.371323626,FALSE
fixed,viewpoint_dev,0.029037318,0.291235542,0.099703895,0.920579409,FALSE
fixed,age_dev:language_dev,-1.969417283,0.85082967,-2.314702169,0.020629237,TRUE
fixed,age_dev:viewpoint_dev,2.183875237,0.584951504,3.733429559,0.00018889,TRUE
fixed,language_dev:viewpoint_dev,0.394271755,0.582411143,0.676964649,0.498428384,FALSE
fixed,age_dev:language_dev:viewpoint_dev,-0.766713786,1.164862562,-0.658201071,0.510408936,FALSE
fixed,(Intercept),-2.233087068,0.233599943,-9.55945039,1.18E-21,TRUE
fixed,age_dev,1.344956484,0.43916855,3.062506371,0.002194918,TRUE
fixed,language_dev,0.798273337,0.437109709,1.826253962,0.067812017,FALSE
fixed,viewpoint_dev,-0.671334074,0.347226703,-1.933417182,0.053184826,FALSE
fixed,age_dev:language_dev,-1.084455385,0.874728619,-1.239762095,0.215063402,FALSE
fixed,age_dev:viewpoint_dev,1.844483057,0.69518188,2.653238108,0.007972361,TRUE
fixed,language_dev:viewpoint_dev,0.896869194,0.694358465,1.291651559,0.19647784,FALSE
fixed,age_dev:language_dev:viewpoint_dev,0.229897773,1.388889635,0.165526308,0.868529745,FALSE
fixed,(Intercept),-1.820913808,0.194382808,-9.367669004,7.42E-21,TRUE
fixed,age_dev,0.181577993,0.370618312,0.489932599,0.624181594,FALSE
fixed,language_dev,0.247883044,0.370723281,0.668647093,0.503720625,FALSE
fixed,viewpoint_dev,-0.096913746,0.251560236,-0.385250656,0.700051716,FALSE
fixed,age_dev:language_dev,-2.336250719,0.7440258,-3.140013049,0.001689403,TRUE
fixed,age_dev:viewpoint_dev,0.709451912,0.503432469,1.409229551,0.158767302,FALSE
fixed,language_dev:viewpoint_dev,-0.931902564,0.503896823,-1.849391624,0.064401284,FALSE
fixed,age_dev:language_dev:viewpoint_dev,0.229550004,1.006198969,0.228135798,0.819540671,FALSE
fixed,(Intercept),-3.823811199,7.491396281,-0.510427036,0.60975232,FALSE
fixed,age_dev,4.617411768,14.9823162,0.308190783,0.757937165,FALSE
fixed,language_dev,4.898765091,14.98162296,0.32698494,0.743679275,FALSE
fixed,viewpoint_dev,-3.837303109,14.97851192,-0.256187205,0.797806288,FALSE
fixed,age_dev:language_dev,-9.589466522,29.96321827,-0.320041273,0.748937043,FALSE
fixed,age_dev:viewpoint_dev,8.651883245,29.95649687,0.28881492,0.772723014,FALSE
fixed,language_dev:viewpoint_dev,7.195441603,29.95619379,0.240198793,0.810176149,FALSE
fixed,age_dev:language_dev:viewpoint_dev,-14.66852416,59.90866051,-0.244848141,0.806574017,FALSE
fixed,(Intercept),-1.517216857,0.213150987,-7.118038152,1.09E-12,TRUE
fixed,age_dev,0.641110915,0.405025552,1.582890045,0.113446528,FALSE
fixed,language_dev,0.647875913,0.405124862,1.599200577,0.109776042,FALSE
fixed,viewpoint_dev,-0.045009424,0.232139208,-0.193889798,0.846262172,FALSE
fixed,age_dev:language_dev,-1.30883214,0.811370509,-1.613112783,0.106720007,FALSE
fixed,age_dev:viewpoint_dev,1.747107435,0.467249984,3.739127865,0.00018466,TRUE
fixed,language_dev:viewpoint_dev,-0.591928541,0.464258655,-1.274997319,0.202310191,FALSE
fixed,age_dev:language_dev:viewpoint_dev,1.314653451,0.928680828,1.41561386,0.156888591,FALSE
fixed,(Intercept),-1.74783575,0.210597534,-8.299412229,1.05E-16,TRUE
fixed,age_dev,0.743193858,0.409141272,1.816472471,0.069297927,FALSE
fixed,language_dev,-0.022698892,0.408746327,-0.055532957,0.955713875,FALSE
fixed,viewpoint_dev,-0.189169055,0.25046955,-0.755257694,0.450094377,FALSE
fixed,age_dev:language_dev,-1.860614705,0.820020217,-2.268986383,0.023269154,TRUE
fixed,age_dev:viewpoint_dev,0.541769554,0.500816549,1.081772469,0.279353643,FALSE
fixed,language_dev:viewpoint_dev,-0.142985543,0.500700167,-0.28557119,0.775206572,FALSE
fixed,age_dev:language_dev:viewpoint_dev,2.07495487,1.003648243,2.067412448,0.038695306,TRUE
fixed,(Intercept),-3.716017348,52.53405676,-0.070735397,0.943608349,FALSE
fixed,age_dev,4.783151727,105.0690642,0.045523882,0.963689739,FALSE
fixed,language_dev,4.25402184,105.0678383,0.040488335,0.967703807,FALSE
fixed,viewpoint_dev,-4.356338168,105.0665652,-0.04146265,0.966927069,FALSE
fixed,age_dev:language_dev,-8.847447707,210.1381536,-0.042103005,0.966416585,FALSE
fixed,age_dev:viewpoint_dev,9.555301561,210.131381,0.045472987,0.963730306,FALSE
fixed,language_dev:viewpoint_dev,8.324426137,210.1360524,0.03961446,0.968400499,FALSE
fixed,age_dev:language_dev:viewpoint_dev,-14.04244693,420.2741184,-0.03341259,0.97334557,FALSE
fixed,(Intercept),-1.620407646,0.227607514,-7.119306478,1.08E-12,TRUE
fixed,age_dev,1.27094127,0.440422543,2.885731644,0.00390505,TRUE
fixed,language_dev,0.423265547,0.437768171,0.966871453,0.333608299,FALSE
fixed,viewpoint_dev,-0.185667669,0.247503203,-0.750162691,0.453156726,FALSE
fixed,age_dev:language_dev,-1.132764208,0.875659048,-1.293613319,0.19579902,FALSE
fixed,age_dev:viewpoint_dev,1.801170184,0.497020666,3.623934185,0.000290155,TRUE
fixed,language_dev:viewpoint_dev,0.011887195,0.495053909,0.02401192,0.9808431,FALSE
fixed,age_dev:language_dev:viewpoint_dev,0.393422204,0.990638926,0.39713986,0.691264328,FALSE
fixed,(Intercept),-2.024149879,0.188192744,-10.75572755,5.57E-27,TRUE
fixed,age_dev,0.82547614,0.361778836,2.281714842,0.022506181,TRUE
fixed,language_dev,0.107766575,0.360986009,0.298533937,0.765295678,FALSE
fixed,viewpoint_dev,0.311030173,0.300576391,1.034779118,0.300772077,FALSE
fixed,age_dev:language_dev,-2.363709752,0.723851076,-3.26546417,0.001092848,TRUE
fixed,age_dev:viewpoint_dev,1.156564923,0.601588111,1.922519582,0.054540412,FALSE
fixed,language_dev:viewpoint_dev,0.112552854,0.601132553,0.187234668,0.851476644,FALSE
fixed,age_dev:language_dev:viewpoint_dev,2.927733538,1.202992632,2.433708621,0.01494502,TRUE
fixed,(Intercept),-2.416738357,0.264968144,-9.120863803,7.45E-20,TRUE
fixed,age_dev,1.711236311,0.502744691,3.403787929,0.000664583,TRUE
fixed,language_dev,1.232743196,0.501792911,2.456677183,0.014022863,TRUE
fixed,viewpoint_dev,0.299413202,0.410798318,0.728856933,0.466089181,FALSE
fixed,age_dev:language_dev,-1.968997736,1.006065382,-1.957127013,0.050332537,FALSE
fixed,age_dev:viewpoint_dev,0.661578568,0.820553821,0.806258591,0.420093762,FALSE
fixed,language_dev:viewpoint_dev,0.609109373,0.820456366,0.742403129,0.457843124,FALSE
fixed,age_dev:language_dev:viewpoint_dev,0.034932812,1.642172046,0.021272321,0.983028423,FALSE
fixed,(Intercept),-1.741728525,0.212731574,-8.187447187,2.67E-16,TRUE
fixed,age_dev,0.488475327,0.413993351,1.179911042,0.238035598,FALSE
fixed,language_dev,0.570844033,0.413358108,1.380991498,0.167281575,FALSE
fixed,viewpoint_dev,0.189357924,0.31411548,0.602829011,0.546622445,FALSE
fixed,age_dev:language_dev,-4.270167334,0.832436119,-5.129723757,2.90E-07,TRUE
fixed,age_dev:viewpoint_dev,1.532153579,0.629053194,2.435650265,0.014865049,TRUE
fixed,language_dev:viewpoint_dev,1.587427727,0.62900209,2.523724089,0.011611903,TRUE
fixed,age_dev:language_dev:viewpoint_dev,2.309463366,1.257625331,1.83636836,0.066303196,FALSE
fixed,(Intercept),-2.452435756,0.260362457,-9.419314094,4.54E-21,TRUE
fixed,age_dev,0.084729169,0.449906458,0.18832619,0.850620956,FALSE
fixed,language_dev,1.681407922,0.465978607,3.608337155,0.000308166,TRUE
fixed,viewpoint_dev,0.073814727,0.339473697,0.217438724,0.827866456,FALSE
fixed,age_dev:language_dev,-1.477083581,0.901704219,-1.638102106,0.101400396,FALSE
fixed,age_dev:viewpoint_dev,0.970798483,0.678727399,1.430321634,0.152624728,FALSE
fixed,language_dev:viewpoint_dev,0.564619469,0.678782748,0.831811755,0.405515207,FALSE
fixed,age_dev:language_dev:viewpoint_dev,0.928195696,1.357913093,0.683545729,0.494262064,FALSE
fixed,(Intercept),-1.25163271,0.169360534,-7.390344593,1.46E-13,TRUE
fixed,age_dev,0.150249517,0.328685939,0.457121827,0.647583482,FALSE
fixed,language_dev,-0.072516244,0.328368017,-0.22083833,0.825218317,FALSE
fixed,viewpoint_dev,-0.214874313,0.210094631,-1.022750139,0.306425998,FALSE
fixed,age_dev:language_dev,-1.411364687,0.658288633,-2.143990671,0.032033634,TRUE
fixed,age_dev:viewpoint_dev,1.230688519,0.421220916,2.921717492,0.003481071,TRUE
fixed,language_dev:viewpoint_dev,0.284551012,0.420487653,0.676716689,0.498585726,FALSE
fixed,age_dev:language_dev:viewpoint_dev,-0.373435245,0.840718759,-0.444185693,0.656908335,FALSE
fixed,(Intercept),-1.83433926,0.226366733,-8.103395934,5.34E-16,TRUE
fixed,age_dev,0.835160371,0.424504803,1.967375553,0.049139931,TRUE
fixed,language_dev,0.686756611,0.424493138,1.617827356,0.105699809,FALSE
fixed,viewpoint_dev,-0.251353157,0.260041763,-0.966587648,0.333750212,FALSE
fixed,age_dev:language_dev,-1.568080579,0.848994123,-1.846986378,0.064749115,FALSE
fixed,age_dev:viewpoint_dev,0.58400608,0.520081364,1.122912913,0.261474483,FALSE
fixed,language_dev:viewpoint_dev,0.810784004,0.52043429,1.557898891,0.119257218,FALSE
fixed,age_dev:language_dev:viewpoint_dev,1.944233738,1.042160155,1.865580572,0.06210007,FALSE
fixed,(Intercept),-1.593141509,0.17233151,-9.244632701,2.36E-20,TRUE
fixed,age_dev,1.230380692,0.337183726,3.648991916,0.000263271,TRUE
fixed,language_dev,0.37395877,0.336176748,1.112387374,0.265971631,FALSE
fixed,viewpoint_dev,0.166522126,0.26729875,0.622981311,0.533296803,FALSE
fixed,age_dev:language_dev,-2.703064498,0.673912359,-4.011003005,6.05E-05,TRUE
fixed,age_dev:viewpoint_dev,0.822412673,0.534735953,1.537979015,0.124053746,FALSE
fixed,language_dev:viewpoint_dev,0.382804029,0.534528827,0.716152263,0.473897336,FALSE
fixed,age_dev:language_dev:viewpoint_dev,0.698450155,1.069286407,0.653192774,0.513632008,FALSE
fixed,(Intercept),-1.617358093,0.148598351,-10.88409182,1.37E-27,TRUE
fixed,age_dev,0.678379452,0.288333768,2.352757562,0.018634779,TRUE
fixed,language_dev,0.461268327,0.288012815,1.601554875,0.109254076,FALSE
fixed,viewpoint_dev,0.046312961,0.260002866,0.17812481,0.858624958,FALSE
fixed,age_dev:language_dev,-2.259328973,0.576626538,-3.918184173,8.92E-05,TRUE
fixed,age_dev:viewpoint_dev,1.116501963,0.520477957,2.145147451,0.03194106,TRUE
fixed,language_dev:viewpoint_dev,-0.691891949,0.520630304,-1.328950588,0.183864272,FALSE
fixed,age_dev:language_dev:viewpoint_dev,-0.119212142,1.039991172,-0.114628033,0.908739959,FALSE
fixed,(Intercept),-1.679104223,0.218466724,-7.685858027,1.52E-14,TRUE
fixed,age_dev,0.748457067,0.416894323,1.795316043,0.07260336,FALSE
fixed,language_dev,0.920271978,0.415601135,2.214315364,0.026807092,TRUE
fixed,viewpoint_dev,-0.030240248,0.253977474,-0.119066655,0.905222549,FALSE
fixed,age_dev:language_dev,-1.053142489,0.829676507,-1.269341099,0.204319434,FALSE
fixed,age_dev:viewpoint_dev,1.691911345,0.510024643,3.317312936,0.000908878,TRUE
fixed,language_dev:viewpoint_dev,-0.016778425,0.507877946,-0.033036332,0.973645615,FALSE
fixed,age_dev:language_dev:viewpoint_dev,-0.426406627,1.015637748,-0.419841255,0.674601425,FALSE
fixed,(Intercept),-3.449756044,5.523916243,-0.624512735,0.532290909,FALSE
fixed,age_dev,4.675557777,11.04730598,0.423230585,0.672127034,FALSE
fixed,language_dev,4.982980571,11.0471598,0.451064406,0.65194313,FALSE
fixed,viewpoint_dev,-4.172016839,11.04255078,-0.377812783,0.705569677,FALSE
fixed,age_dev:language_dev,-9.443444928,22.09317253,-0.427437251,0.66906088,FALSE
fixed,age_dev:viewpoint_dev,8.854875523,22.08457459,0.400952959,0.688454758,FALSE
fixed,language_dev:viewpoint_dev,8.262502596,22.08457825,0.37412997,0.708307622,FALSE
fixed,age_dev:language_dev:viewpoint_dev,-14.27087361,44.1623642,-0.323145599,0.746584978,FALSE
fixed,(Intercept),-1.845106952,0.214156799,-8.615682338,6.95E-18,TRUE
fixed,age_dev,1.08338197,0.412603007,2.625724854,0.008646468,TRUE
fixed,language_dev,0.655840153,0.412194531,1.591093778,0.111588473,FALSE
fixed,viewpoint_dev,0.21760976,0.297528667,0.7313909,0.464540422,FALSE
fixed,age_dev:language_dev,-2.63907058,0.827571686,-3.188932906,0.00142799,TRUE
fixed,age_dev:viewpoint_dev,1.484245924,0.596008208,2.490311213,0.012763128,TRUE
fixed,language_dev:viewpoint_dev,-0.153822812,0.595030014,-0.258512694,0.796011253,FALSE
fixed,age_dev:language_dev:viewpoint_dev,1.968937342,1.190426526,1.653976368,0.098132314,FALSE
fixed,(Intercept),-3.807083813,7.933852964,-0.479853084,0.631331864,FALSE
fixed,age_dev,5.100744139,15.86721416,0.321464378,0.747858503,FALSE
fixed,language_dev,4.514347178,15.86714003,0.284509191,0.776020191,FALSE
fixed,viewpoint_dev,-3.803123164,15.86509228,-0.239716423,0.810550103,FALSE
fixed,age_dev:language_dev,-9.382562942,31.73340451,-0.295668337,0.76748338,FALSE
fixed,age_dev:viewpoint_dev,8.463368633,31.72980472,0.266732453,0.789675165,FALSE
fixed,language_dev:viewpoint_dev,7.787117639,31.72919565,0.245424363,0.806127867,FALSE
fixed,age_dev:language_dev:viewpoint_dev,-13.88331139,63.45620004,-0.218785735,0.826816959,FALSE
fixed,(Intercept),-1.819311056,0.157936888,-11.51922821,1.06E-30,TRUE
fixed,age_dev,-0.134478427,0.298974214,-0.449799418,0.652855078,FALSE
fixed,language_dev,0.639261915,0.298680249,2.140288542,0.032331455,TRUE
fixed,viewpoint_dev,-0.178628258,0.255668924,-0.6986702,0.484758161,FALSE
fixed,age_dev:language_dev,-1.367975646,0.597740863,-2.288576422,0.022103975,TRUE
fixed,age_dev:viewpoint_dev,1.553115544,0.512271447,3.031821419,0.00243083,TRUE
fixed,language_dev:viewpoint_dev,-0.543592977,0.511882974,-1.061947758,0.288259402,FALSE
fixed,age_dev:language_dev:viewpoint_dev,-1.381034016,1.022537424,-1.350595081,0.176825177,FALSE
fixed,(Intercept),-1.913320758,0.266193621,-7.187703266,6.59E-13,TRUE
fixed,age_dev,1.25266185,0.513276393,2.440521067,0.014666091,TRUE
fixed,language_dev,1.150242215,0.512119507,2.246042571,0.024701281,TRUE
fixed,viewpoint_dev,0.254274981,0.360219191,0.705889601,0.480256795,FALSE
fixed,age_dev:language_dev,-3.92473053,1.040980871,-3.770223487,0.000163101,TRUE
fixed,age_dev:viewpoint_dev,0.741278121,0.72126205,1.027751455,0.304066757,FALSE
fixed,language_dev:viewpoint_dev,0.109731707,0.720597243,0.152278832,0.87896702,FALSE
fixed,age_dev:language_dev:viewpoint_dev,1.56098059,1.441378653,1.082977458,0.278818429,FALSE
fixed,(Intercept),-2.092758623,0.227180065,-9.211893757,3.20E-20,TRUE
fixed,age_dev,0.910842776,0.433926149,2.099073259,0.035810443,TRUE
fixed,language_dev,0.282079676,0.432612237,0.652038136,0.514376571,FALSE
fixed,viewpoint_dev,-0.057817546,0.280388184,-0.20620536,0.836630501,FALSE
fixed,age_dev:language_dev,-1.901133727,0.865161481,-2.197432234,0.027989591,TRUE
fixed,age_dev:viewpoint_dev,0.938317215,0.561591595,1.670817769,0.094757678,FALSE
fixed,language_dev:viewpoint_dev,-0.428858446,0.560915172,-0.764569167,0.444528135,FALSE
fixed,age_dev:language_dev:viewpoint_dev,0.668459084,1.121610858,0.595981288,0.551187727,FALSE
fixed,(Intercept),-1.784593252,0.220080722,-8.10881224,5.11E-16,TRUE
fixed,age_dev,1.113284658,0.425654758,2.615463909,0.008910634,TRUE
fixed,language_dev,0.747083121,0.424668682,1.759214068,0.078541156,FALSE
fixed,viewpoint_dev,-0.398697444,0.32714525,-1.218716898,0.222951662,FALSE
fixed,age_dev:language_dev,-2.125550705,0.849118241,-2.503244664,0.012306044,TRUE
fixed,age_dev:viewpoint_dev,2.152244984,0.655485299,3.283437456,0.001025494,TRUE
fixed,language_dev:viewpoint_dev,1.159723293,0.654293499,1.772481759,0.076314621,FALSE
fixed,age_dev:language_dev:viewpoint_dev,-1.810380613,1.308695769,-1.383347189,0.166558435,FALSE
fixed,(Intercept),-1.800045573,0.202800769,-8.87593069,6.94E-19,TRUE
fixed,age_dev,0.702048257,0.382903131,1.833487896,0.066730047,FALSE
fixed,language_dev,1.216484191,0.386438526,3.14793715,0.00164427,TRUE
fixed,viewpoint_dev,-0.5574821,0.27711375,-2.011744637,0.044246863,TRUE
fixed,age_dev:language_dev,-1.06197705,0.764125369,-1.389794259,0.164591362,FALSE
fixed,age_dev:viewpoint_dev,1.539171009,0.554890315,2.773829289,0.005540074,TRUE
fixed,language_dev:viewpoint_dev,0.450072933,0.553257424,0.813496419,0.415933499,FALSE
fixed,age_dev:language_dev:viewpoint_dev,-0.805535086,1.106426075,-0.72805143,0.466582104,FALSE
fixed,(Intercept),-1.613385601,0.174966436,-9.221114869,2.94E-20,TRUE
fixed,age_dev,0.049128492,0.338716686,0.145043023,0.884676904,FALSE
fixed,language_dev,0.659039788,0.338776023,1.945355468,0.05173221,FALSE
fixed,viewpoint_dev,0.454131168,0.247945575,1.831576018,0.067014612,FALSE
fixed,age_dev:language_dev,-1.855266143,0.67831174,-2.73512315,0.006235694,TRUE
fixed,age_dev:viewpoint_dev,1.270511923,0.496047546,2.561270454,0.010429013,TRUE
fixed,language_dev:viewpoint_dev,-0.025193301,0.495392235,-0.050855261,0.959440856,FALSE
fixed,age_dev:language_dev:viewpoint_dev,1.344770492,0.991116092,1.356824395,0.174837014,FALSE
fixed,(Intercept),-1.717170041,0.165687499,-10.36390825,3.62E-25,TRUE
fixed,age_dev,0.350612317,0.313570131,1.118130465,0.263511277,FALSE
fixed,language_dev,-0.304777174,0.312143134,-0.97640198,0.328865301,FALSE
fixed,viewpoint_dev,0.298605443,0.241264066,1.237670608,0.215838222,FALSE
fixed,age_dev:language_dev,-1.070992586,0.624554806,-1.714809614,0.086380138,FALSE
fixed,age_dev:viewpoint_dev,1.717813284,0.484240474,3.547438463,0.000388997,TRUE
fixed,language_dev:viewpoint_dev,0.34875752,0.482550137,0.722738413,0.469840611,FALSE
fixed,age_dev:language_dev:viewpoint_dev,0.902921701,0.965334345,0.935346085,0.349609972,FALSE
fixed,(Intercept),-1.3696609,0.154869121,-8.843989614,9.24E-19,TRUE
fixed,age_dev,0.813599468,0.302919307,2.685862037,0.007234295,TRUE
fixed,language_dev,0.901053421,0.303014443,2.973631919,0.002942979,TRUE
fixed,viewpoint_dev,0.075578102,0.232967918,0.324414207,0.745624465,FALSE
fixed,age_dev:language_dev,-0.820297299,0.604923042,-1.356035797,0.175087779,FALSE
fixed,age_dev:viewpoint_dev,0.937446113,0.466537722,2.009368306,0.044498089,TRUE
fixed,language_dev:viewpoint_dev,-0.290528527,0.465942392,-0.623528857,0.532937045,FALSE
fixed,age_dev:language_dev:viewpoint_dev,1.523763456,0.932289477,1.63443168,0.102168241,FALSE
fixed,(Intercept),-1.723012932,0.207432613,-8.306374316,9.87E-17,TRUE
fixed,age_dev,0.671800922,0.395940918,1.696720122,0.089749587,FALSE
fixed,language_dev,1.01117709,0.398922718,2.534769378,0.011252138,TRUE
fixed,viewpoint_dev,-0.362884554,0.264886985,-1.369959925,0.170699412,FALSE
fixed,age_dev:language_dev,-2.015811504,0.792546029,-2.543463005,0.010975968,TRUE
fixed,age_dev:viewpoint_dev,1.464396914,0.530633077,2.759716603,0.005785152,TRUE
fixed,language_dev:viewpoint_dev,-0.365565782,0.530145892,-0.689556945,0.490472851,FALSE
fixed,age_dev:language_dev:viewpoint_dev,0.492160988,1.059463977,0.464537728,0.642262536,FALSE
fixed,(Intercept),-1.881518506,0.238099536,-7.902235069,2.74E-15,TRUE
fixed,age_dev,0.762212045,0.450269521,1.692790674,0.090495318,FALSE
fixed,language_dev,0.419954938,0.450106148,0.933013113,0.350813198,FALSE
fixed,viewpoint_dev,-0.536097512,0.262569539,-2.041735356,0.04117779,TRUE
fixed,age_dev:language_dev,-1.922237802,0.90841554,-2.116033595,0.03434195,TRUE
fixed,age_dev:viewpoint_dev,1.163777943,0.525582497,2.214263126,0.026810684,TRUE
fixed,language_dev:viewpoint_dev,0.775417347,0.524967675,1.477076369,0.139655167,FALSE
fixed,age_dev:language_dev:viewpoint_dev,-0.652775635,1.049698235,-0.621869803,0.534027483,FALSE
fixed,(Intercept),-1.598216557,0.178539195,-8.951628576,3.50E-19,TRUE
fixed,age_dev,0.713263641,0.345949411,2.061757063,0.039230871,TRUE
fixed,language_dev,0.526208976,0.345680068,1.522242748,0.127948268,FALSE
fixed,viewpoint_dev,-0.01204624,0.261156903,-0.046126448,0.963209466,FALSE
fixed,age_dev:language_dev,-2.677980604,0.694974498,-3.853350894,0.000116512,TRUE
fixed,age_dev:viewpoint_dev,0.732677044,0.522574691,1.402052295,0.160899631,FALSE
fixed,language_dev:viewpoint_dev,0.059393372,0.522257212,0.113724369,0.909456294,FALSE
fixed,age_dev:language_dev:viewpoint_dev,0.970088576,1.044978622,0.928333419,0.353234644,FALSE
fixed,(Intercept),-1.668725678,0.175570402,-9.504595632,2.01E-21,TRUE
fixed,age_dev,1.011524977,0.339164939,2.982398419,0.002859995,TRUE
fixed,language_dev,0.648144748,0.33805872,1.917254932,0.055205552,FALSE
fixed,viewpoint_dev,0.170876344,0.261243272,0.654088975,0.513054484,FALSE
fixed,age_dev:language_dev,-1.445066102,0.67613831,-2.13723447,0.032578926,TRUE
fixed,age_dev:viewpoint_dev,1.278872723,0.524174495,2.439784336,0.014696032,TRUE
fixed,language_dev:viewpoint_dev,0.230636054,0.522807067,0.441149458,0.659104801,FALSE
fixed,age_dev:language_dev:viewpoint_dev,1.487155176,1.045016147,1.423093012,0.154709194,FALSE
fixed,(Intercept),-1.841135847,0.227637387,-8.088020461,6.06E-16,TRUE
fixed,age_dev,-0.101094444,0.424103887,-0.238371889,0.811592669,FALSE
fixed,language_dev,1.681949323,0.43186303,3.894636041,9.83E-05,TRUE
fixed,viewpoint_dev,-0.249761161,0.270408699,-0.923643219,0.355672104,FALSE
fixed,age_dev:language_dev,-1.787378495,0.856564301,-2.086683386,0.036916764,TRUE
fixed,age_dev:viewpoint_dev,1.417384262,0.541997353,2.615112888,0.008919797,TRUE
fixed,language_dev:viewpoint_dev,-0.364460104,0.540425547,-0.674394662,0.500060435,FALSE
fixed,age_dev:language_dev:viewpoint_dev,1.021594892,1.081329247,0.944758402,0.344782233,FALSE
fixed,(Intercept),-1.866909027,0.184457532,-10.12107778,4.45E-24,TRUE
fixed,age_dev,0.654731856,0.347231872,1.885575341,0.059352203,FALSE
fixed,language_dev,0.705511659,0.346930093,2.033584494,0.041993507,TRUE
fixed,viewpoint_dev,0.331674824,0.274844786,1.206771388,0.227520198,FALSE
fixed,age_dev:language_dev,-1.451946522,0.695411728,-2.087894787,0.036807326,TRUE
fixed,age_dev:viewpoint_dev,0.488610712,0.549869063,0.888594657,0.374220963,FALSE
fixed,language_dev:viewpoint_dev,-0.582176794,0.549542474,-1.059384526,0.289424694,FALSE
fixed,age_dev:language_dev:viewpoint_dev,1.12544522,1.099287244,1.023795397,0.305931925,FALSE
fixed,(Intercept),-1.843750787,0.219579181,-8.396746823,4.59E-17,TRUE
fixed,age_dev,1.144983441,0.415576154,2.755171176,0.005866144,TRUE
fixed,language_dev,0.63336669,0.414091892,1.529531734,0.126132678,FALSE
fixed,viewpoint_dev,-0.375375679,0.276195495,-1.359094143,0.174116759,FALSE
fixed,age_dev:language_dev,-1.241910065,0.830085464,-1.496123132,0.134621571,FALSE
fixed,age_dev:viewpoint_dev,1.095464276,0.552617122,1.982320547,0.047443376,TRUE
fixed,language_dev:viewpoint_dev,0.723558492,0.552137915,1.310466953,0.190037917,FALSE
fixed,age_dev:language_dev:viewpoint_dev,-2.212256574,1.104790805,-2.00242124,0.045239446,TRUE
fixed,(Intercept),-1.593745115,0.207624561,-7.676091451,1.64E-14,TRUE
fixed,age_dev,0.387604199,0.401841423,0.964570044,0.334760209,FALSE
fixed,language_dev,1.002337042,0.403602842,2.483473696,0.013010794,TRUE
fixed,viewpoint_dev,0.008862957,0.255840849,0.034642463,0.972364842,FALSE
fixed,age_dev:language_dev,-2.740025999,0.807398562,-3.393647361,0.000689684,TRUE
fixed,age_dev:viewpoint_dev,0.652433501,0.512129231,1.273962628,0.202676661,FALSE
fixed,language_dev:viewpoint_dev,-0.166041458,0.511741785,-0.324463358,0.745587259,FALSE
fixed,age_dev:language_dev:viewpoint_dev,1.366501727,1.023976594,1.334504846,0.18203846,FALSE
fixed,(Intercept),-1.788612036,0.192835428,-9.275328991,1.77E-20,TRUE
fixed,age_dev,0.429775544,0.364637268,1.17863856,0.23854213,FALSE
fixed,language_dev,0.34235722,0.364376582,0.939569765,0.347438291,FALSE
fixed,viewpoint_dev,0.214472086,0.258997135,0.828086712,0.407621394,FALSE
fixed,age_dev:language_dev,-2.077815369,0.732783221,-2.835511661,0.004575234,TRUE
fixed,age_dev:viewpoint_dev,1.48465539,0.518751546,2.861977765,0.004210064,TRUE
fixed,language_dev:viewpoint_dev,0.584155529,0.517742197,1.128274907,0.259203837,FALSE
fixed,age_dev:language_dev:viewpoint_dev,1.135753863,1.035974077,1.096314944,0.272940972,FALSE
fixed,(Intercept),-1.866225563,0.226961613,-8.2226485,1.99E-16,TRUE
fixed,age_dev,0.853436364,0.427624305,1.99576206,0.045959828,TRUE
fixed,language_dev,0.135358425,0.426039695,0.317713177,0.750702515,FALSE
fixed,viewpoint_dev,-0.081218018,0.260005045,-0.312370932,0.754758639,FALSE
fixed,age_dev:language_dev,-1.948622606,0.854015435,-2.281718253,0.02250598,TRUE
fixed,age_dev:viewpoint_dev,1.92401605,0.522989247,3.678882618,0.000234258,TRUE
fixed,language_dev:viewpoint_dev,0.194459522,0.519361505,0.374420361,0.708091597,FALSE
fixed,age_dev:language_dev:viewpoint_dev,1.030909539,1.038494014,0.99269666,0.320857803,FALSE
fixed,(Intercept),-1.790610149,0.256731343,-6.974645653,3.07E-12,TRUE
fixed,age_dev,0.794735793,0.49018766,1.621288859,0.104955703,FALSE
fixed,language_dev,-0.069800312,0.484210316,-0.14415288,0.885379748,FALSE
fixed,viewpoint_dev,-0.197929513,0.256392539,-0.771978444,0.440127195,FALSE
fixed,age_dev:language_dev,-1.661280617,0.969705453,-1.713180649,0.086679311,FALSE
fixed,age_dev:viewpoint_dev,1.570734981,0.514447703,3.053245202,0.002263809,TRUE
fixed,language_dev:viewpoint_dev,1.467452153,0.512972922,2.860681508,0.004227315,TRUE
fixed,age_dev:language_dev:viewpoint_dev,0.530032903,1.02592573,0.516638669,0.605408417,FALSE
fixed,(Intercept),-1.905104645,0.211597044,-9.003455842,2.19E-19,TRUE
fixed,age_dev,1.462352669,0.411608097,3.552779161,0.000381184,TRUE
fixed,language_dev,0.831203068,0.410992772,2.022427458,0.043132211,TRUE
fixed,viewpoint_dev,-0.32919495,0.35336666,-0.931595951,0.351545376,FALSE
fixed,age_dev:language_dev,-3.078342768,0.82493874,-3.731601655,0.000190266,TRUE
fixed,age_dev:viewpoint_dev,1.709997807,0.707396298,2.417312348,0.015635594,TRUE
fixed,language_dev:viewpoint_dev,0.283563568,0.706729229,0.401233678,0.688248087,FALSE
fixed,age_dev:language_dev:viewpoint_dev,0.896928289,1.413905619,0.634362207,0.525844468,FALSE
fixed,(Intercept),-1.868328808,0.227169637,-8.224377312,1.96E-16,TRUE
fixed,age_dev,0.998555132,0.433995377,2.300842782,0.021400519,TRUE
fixed,language_dev,0.922027484,0.435210183,2.118579759,0.034125998,TRUE
fixed,viewpoint_dev,-0.0493387,0.289317259,-0.170534933,0.864589464,FALSE
fixed,age_dev:language_dev,-1.883335157,0.867965332,-2.169827627,0.030019907,TRUE
fixed,age_dev:viewpoint_dev,2.02054731,0.580750892,3.479197943,0.000502917,TRUE
fixed,language_dev:viewpoint_dev,-0.058017971,0.578846437,-0.100230332,0.920161465,FALSE
fixed,age_dev:language_dev:viewpoint_dev,-0.894244591,1.157220174,-0.772752335,0.439668967,FALSE
fixed,(Intercept),-1.721233245,0.172877854,-9.956354777,2.37E-23,TRUE
fixed,age_dev,0.885665888,0.330898126,2.676551536,0.007438413,TRUE
fixed,language_dev,0.977332346,0.33142961,2.948838355,0.003189708,TRUE
fixed,viewpoint_dev,0.003962508,0.258551747,0.015325782,0.987772274,FALSE
fixed,age_dev:language_dev,-1.133742429,0.660653662,-1.716091948,0.086145215,FALSE
fixed,age_dev:viewpoint_dev,0.935762465,0.51729018,1.808970093,0.07045565,FALSE
fixed,language_dev:viewpoint_dev,-0.098309958,0.517092331,-0.190120705,0.849214546,FALSE
fixed,age_dev:language_dev:viewpoint_dev,-0.812911856,1.034015155,-0.786170156,0.431767808,FALSE
fixed,(Intercept),-1.705558841,0.230740739,-7.391667579,1.45E-13,TRUE
fixed,age_dev,0.837493284,0.447338812,1.87216772,0.061183403,FALSE
fixed,language_dev,0.366747382,0.44621183,0.821913174,0.411126314,FALSE
fixed,viewpoint_dev,0.0835806,0.253335992,0.329919961,0.741460441,FALSE
fixed,age_dev:language_dev,-2.293109592,0.900376981,-2.546832759,0.010870552,TRUE
fixed,age_dev:viewpoint_dev,0.619252479,0.506856197,1.221751816,0.221801495,FALSE
fixed,language_dev:viewpoint_dev,-0.031036161,0.50654388,-0.06127043,0.95114384,FALSE
fixed,age_dev:language_dev:viewpoint_dev,-0.181702194,1.012993404,-0.179371547,0.857645971,FALSE
fixed,(Intercept),-1.879295364,0.192441041,-9.765564308,1.58E-22,TRUE
fixed,age_dev,1.132341604,0.357644642,3.16610812,0.001544934,TRUE
fixed,language_dev,0.650796763,0.357232751,1.821772391,0.068489529,FALSE
fixed,viewpoint_dev,-0.010458266,0.270277038,-0.038694614,0.969133867,FALSE
fixed,age_dev:language_dev,-1.047344125,0.714678531,-1.465475847,0.142791137,FALSE
fixed,age_dev:viewpoint_dev,0.559359329,0.540462727,1.034963748,0.300685842,FALSE
fixed,language_dev:viewpoint_dev,0.127562263,0.540553038,0.235984731,0.813444519,FALSE
fixed,age_dev:language_dev:viewpoint_dev,1.05502543,1.081217551,0.975775346,0.329175805,FALSE
fixed,(Intercept),-1.632970036,0.184824363,-8.835253135,9.99E-19,TRUE
fixed,age_dev,0.376597832,0.348710853,1.07997164,0.280154809,FALSE
fixed,language_dev,0.659772067,0.349635457,1.887028487,0.059156494,FALSE
fixed,viewpoint_dev,-0.095318615,0.227403677,-0.419160395,0.675098915,FALSE
fixed,age_dev:language_dev,-0.154351825,0.695268722,-0.222003119,0.824311455,FALSE
fixed,age_dev:viewpoint_dev,1.396820301,0.45619483,3.061894196,0.002199412,TRUE
fixed,language_dev:viewpoint_dev,-0.13305092,0.454801516,-0.292547223,0.76986826,FALSE
fixed,age_dev:language_dev:viewpoint_dev,1.112259435,0.90962747,1.222763683,0.221418966,FALSE
fixed,(Intercept),-1.895995722,0.203262131,-9.327835527,1.08E-20,TRUE
fixed,age_dev,0.77145162,0.382582565,2.016431721,0.043754851,TRUE
fixed,language_dev,0.105984195,0.381864379,0.277544072,0.78136237,FALSE
fixed,viewpoint_dev,-0.363774124,0.261550583,-1.390836603,0.164274981,FALSE
fixed,age_dev:language_dev,-1.824886705,0.764725344,-2.386329574,0.017017493,TRUE
fixed,age_dev:viewpoint_dev,0.429753747,0.522914856,0.82184268,0.411166439,FALSE
fixed,language_dev:viewpoint_dev,0.272339523,0.522850807,0.520874252,0.602454373,FALSE
fixed,age_dev:language_dev:viewpoint_dev,0.333336999,1.045695966,0.318770474,0.749900569,FALSE
fixed,(Intercept),-1.499422348,0.173883725,-8.623132178,6.51E-18,TRUE
fixed,age_dev,0.17347011,0.336912724,0.514881445,0.606635867,FALSE
fixed,language_dev,0.719149376,0.336939402,2.134358202,0.03281347,TRUE
fixed,viewpoint_dev,0.147450373,0.230757114,0.638985169,0.52283258,FALSE
fixed,age_dev:language_dev,-1.093828935,0.672967052,-1.625382597,0.104081062,FALSE
fixed,age_dev:viewpoint_dev,1.869313142,0.464956863,4.020401228,5.81E-05,TRUE
fixed,language_dev:viewpoint_dev,-0.439598124,0.46152084,-0.95249897,0.340843988,FALSE
fixed,age_dev:language_dev:viewpoint_dev,1.025923751,0.922973473,1.111541969,0.266335135,FALSE
fixed,(Intercept),-1.210588601,0.158521281,-7.636757615,2.23E-14,TRUE
fixed,age_dev,0.610264858,0.310594708,1.964826967,0.049434268,TRUE
fixed,language_dev,0.369809335,0.310243107,1.191998557,0.233261811,FALSE
fixed,viewpoint_dev,-0.215588229,0.210817497,-1.022629677,0.306482972,FALSE
fixed,age_dev:language_dev,-1.113513519,0.621223026,-1.792453711,0.073060318,FALSE
fixed,age_dev:viewpoint_dev,0.629430795,0.421728398,1.492502753,0.135567396,FALSE
fixed,language_dev:viewpoint_dev,0.096416774,0.421583606,0.228701432,0.819100982,FALSE
fixed,age_dev:language_dev:viewpoint_dev,1.058440704,0.843791362,1.25438675,0.209701466,FALSE
fixed,(Intercept),-1.699061245,0.223490485,-7.602387399,2.91E-14,TRUE
fixed,age_dev,0.544493291,0.426302881,1.277245158,0.201515709,FALSE
fixed,language_dev,0.19647591,0.425541839,0.46170762,0.644291006,FALSE
fixed,viewpoint_dev,-0.392993053,0.263557746,-1.491107958,0.135933153,FALSE
fixed,age_dev:language_dev,-2.048888071,0.85542419,-2.395172004,0.01661257,TRUE
fixed,age_dev:viewpoint_dev,2.795551932,0.532763254,5.247268672,1.54E-07,TRUE
fixed,language_dev:viewpoint_dev,0.813354972,0.527038857,1.543254281,0.122769092,FALSE
fixed,age_dev:language_dev:viewpoint_dev,0.016419485,1.052511619,0.015600288,0.987553276,FALSE
fixed,(Intercept),-1.801075733,0.230655373,-7.808514117,5.79E-15,TRUE
fixed,age_dev,0.787355943,0.438609051,1.795120142,0.07263456,FALSE
fixed,language_dev,-0.114545302,0.438169515,-0.261417781,0.793770346,FALSE
fixed,viewpoint_dev,-0.007471096,0.252789817,-0.029554577,0.976422292,FALSE
fixed,age_dev:language_dev,-2.157628951,0.880454414,-2.450585648,0.014262403,TRUE
fixed,age_dev:viewpoint_dev,0.403931119,0.505565081,0.798969578,0.424308052,FALSE
fixed,language_dev:viewpoint_dev,0.548241286,0.505658436,1.084212676,0.278270513,FALSE
fixed,age_dev:language_dev:viewpoint_dev,0.56883743,1.011456797,0.562394194,0.573847474,FALSE
fixed,(Intercept),-1.924066949,0.219155901,-8.779443962,1.64E-18,TRUE
fixed,age_dev,1.509719905,0.426427376,3.540391612,0.000399534,TRUE
fixed,language_dev,1.127747645,0.427221456,2.63972614,0.008297305,TRUE
fixed,viewpoint_dev,-0.328887673,0.35574004,-0.924516883,0.355217266,FALSE
fixed,age_dev:language_dev,-2.225935538,0.852034829,-2.612493599,0.008988438,TRUE
fixed,age_dev:viewpoint_dev,1.047202229,0.7115845,1.471648454,0.141115834,FALSE
fixed,language_dev:viewpoint_dev,0.588599716,0.711471113,0.827299529,0.408067311,FALSE
fixed,age_dev:language_dev:viewpoint_dev,-0.344413619,1.42296328,-0.24203971,0.808749394,FALSE
fixed,(Intercept),-1.605415956,0.187217383,-8.575143687,9.90E-18,TRUE
fixed,age_dev,1.066508528,0.366700199,2.908393646,0.003632907,TRUE
fixed,language_dev,1.013356535,0.366410482,2.765631946,0.005681262,TRUE
fixed,viewpoint_dev,0.40253421,0.313852666,1.282557879,0.199647015,FALSE
fixed,age_dev:language_dev,-2.031186096,0.732843589,-2.771650223,0.005577293,TRUE
fixed,age_dev:viewpoint_dev,-0.258642921,0.627765021,-0.412005946,0.680335065,FALSE
fixed,language_dev:viewpoint_dev,-0.657773307,0.62768593,-1.047933809,0.294669104,FALSE
fixed,age_dev:language_dev:viewpoint_dev,3.015019786,1.255979035,2.400533529,0.016371191,TRUE
fixed,(Intercept),-1.560815609,0.15227689,-10.24985213,1.19E-24,TRUE
fixed,age_dev,0.498628974,0.292038,1.707411274,0.087745636,FALSE
fixed,language_dev,0.105159224,0.292060097,0.360060224,0.718802097,FALSE
fixed,viewpoint_dev,-0.430428691,0.227792366,-1.889565918,0.058816039,FALSE
fixed,age_dev:language_dev,-1.057783558,0.584458763,-1.809851479,0.070318822,FALSE
fixed,age_dev:viewpoint_dev,1.331299048,0.455981523,2.919633759,0.00350443,TRUE
fixed,language_dev:viewpoint_dev,-0.350894062,0.455609775,-0.770163596,0.441202856,FALSE
fixed,age_dev:language_dev:viewpoint_dev,0.30776214,0.911027135,0.337818851,0.735499703,FALSE
fixed,(Intercept),-1.970153387,0.2282388,-8.631982763,6.03E-18,TRUE
fixed,age_dev,1.534417635,0.438330996,3.500591217,0.000464227,TRUE
fixed,language_dev,0.980343898,0.433545849,2.261223119,0.023745444,TRUE
fixed,viewpoint_dev,-0.061873982,0.3423456,-0.180735437,0.856575242,FALSE
fixed,age_dev:language_dev,-2.235569995,0.870146859,-2.569186995,0.010193743,TRUE
fixed,age_dev:viewpoint_dev,0.443340887,0.684945472,0.647264497,0.517460775,FALSE
fixed,language_dev:viewpoint_dev,-1.039185718,0.68502027,-1.51701455,0.12926301,FALSE
fixed,age_dev:language_dev:viewpoint_dev,2.033388422,1.370168551,1.484042544,0.137797634,FALSE
fixed,(Intercept),-1.569627364,0.160219031,-9.796759792,1.16E-22,TRUE
fixed,age_dev,0.751315036,0.308919467,2.432074104,0.015012635,TRUE
fixed,language_dev,0.428034379,0.308166778,1.388969898,0.164841904,FALSE
fixed,viewpoint_dev,-0.165167603,0.238090022,-0.693719129,0.487858368,FALSE
fixed,age_dev:language_dev,-1.331180991,0.616682314,-2.158617104,0.030879885,TRUE
fixed,age_dev:viewpoint_dev,1.001717051,0.476610161,2.101753451,0.035574879,TRUE
fixed,language_dev:viewpoint_dev,-0.536151455,0.476375743,-1.125480176,0.260385613,FALSE
fixed,age_dev:language_dev:viewpoint_dev,1.273704168,0.953528575,1.335779757,0.181621271,FALSE
fixed,(Intercept),-1.71434537,0.189917484,-9.026790653,1.77E-19,TRUE
fixed,age_dev,0.831080581,0.364092342,2.282609341,0.02245339,TRUE
fixed,language_dev,0.374369668,0.363364584,1.030286617,0.30287548,FALSE
fixed,viewpoint_dev,0.02678317,0.266762609,0.100400764,0.920026163,FALSE
fixed,age_dev:language_dev,-2.38722531,0.727971628,-3.279283448,0.00104071,TRUE
fixed,age_dev:viewpoint_dev,0.900859406,0.533821157,1.687567818,0.091494221,FALSE
fixed,language_dev:viewpoint_dev,0.691753454,0.533557963,1.296491667,0.194806149,FALSE
fixed,age_dev:language_dev:viewpoint_dev,-0.172126629,1.066989982,-0.161319818,0.871841515,FALSE
fixed,(Intercept),-1.745228973,0.170007433,-10.26560391,1.01E-24,TRUE
fixed,age_dev,0.706400728,0.324834333,2.174649215,0.029656413,TRUE
fixed,language_dev,0.524015845,0.325022148,1.612246577,0.106908293,FALSE
fixed,viewpoint_dev,-0.425579187,0.273514483,-1.555965823,0.11971622,FALSE
fixed,age_dev:language_dev,-2.015260776,0.65171465,-3.092244092,0.001986494,TRUE
fixed,age_dev:viewpoint_dev,1.891913167,0.547578491,3.455053837,0.000550183,TRUE
fixed,language_dev:viewpoint_dev,0.179848324,0.547183777,0.328679927,0.742397628,FALSE
fixed,age_dev:language_dev:viewpoint_dev,-0.354028394,1.094044241,-0.323596049,0.746243879,FALSE
fixed,(Intercept),-1.846159234,0.222876393,-8.28333233,1.20E-16,TRUE
fixed,age_dev,0.893845702,0.426015324,2.098153871,0.035891555,TRUE
fixed,language_dev,0.77094518,0.425122077,1.813467761,0.069759707,FALSE
fixed,viewpoint_dev,0.000130421,0.25997524,0.000501667,0.999599728,FALSE
fixed,age_dev:language_dev,-0.702045636,0.849216058,-0.826698494,0.408407975,FALSE
fixed,age_dev:viewpoint_dev,1.633271736,0.522079831,3.128394624,0.00175764,TRUE
fixed,language_dev:viewpoint_dev,-0.10706573,0.52003283,-0.205882637,0.836882589,FALSE
fixed,age_dev:language_dev:viewpoint_dev,0.218734105,1.040121856,0.210296615,0.833436177,FALSE
fixed,(Intercept),-1.711225064,0.175341996,-9.759356607,1.68E-22,TRUE
fixed,age_dev,0.888916667,0.335388086,2.650412176,0.008039363,TRUE
fixed,language_dev,0.781188846,0.333692863,2.341041519,0.019230028,TRUE
fixed,viewpoint_dev,-0.136368521,0.254910473,-0.534966334,0.592673137,FALSE
fixed,age_dev:language_dev,-0.950860103,0.666182413,-1.427326938,0.15348568,FALSE
fixed,age_dev:viewpoint_dev,1.137459647,0.510525974,2.228015232,0.025879499,TRUE
fixed,language_dev:viewpoint_dev,0.708796888,0.509781145,1.390394475,0.164409123,FALSE
fixed,age_dev:language_dev:viewpoint_dev,0.014235126,1.019152432,0.013967612,0.98885582,FALSE
fixed,(Intercept),-1.801057537,0.179516201,-10.03284119,1.09E-23,TRUE
fixed,age_dev,1.437925511,0.348086477,4.130943327,3.61E-05,TRUE
fixed,language_dev,0.83313401,0.348468094,2.390847322,0.016809541,TRUE
fixed,viewpoint_dev,-0.27514811,0.287724112,-0.956291455,0.338925006,FALSE
fixed,age_dev:language_dev,-1.320730307,0.695754082,-1.898271733,0.057660296,FALSE
fixed,age_dev:viewpoint_dev,0.904299771,0.575522412,1.571267691,0.116120483,FALSE
fixed,language_dev:viewpoint_dev,0.306917268,0.575449844,0.533351901,0.593790006,FALSE
fixed,age_dev:language_dev:viewpoint_dev,-0.087385038,1.151003275,-0.075920755,0.939482144,FALSE
fixed,(Intercept),-1.885323062,0.177434578,-10.62545465,2.27E-26,TRUE
fixed,age_dev,1.238504573,0.339664756,3.646255757,0.000266089,TRUE
fixed,language_dev,0.674172817,0.339714535,1.984527438,0.047197072,TRUE
fixed,viewpoint_dev,-0.255717721,0.275290096,-0.92890273,0.352939498,FALSE
fixed,age_dev:language_dev,-0.959929768,0.679194675,-1.413335238,0.157557178,FALSE
fixed,age_dev:viewpoint_dev,0.704499592,0.550579272,1.279560687,0.200699683,FALSE
fixed,language_dev:viewpoint_dev,0.379639454,0.550640784,0.689450301,0.490539939,FALSE
fixed,age_dev:language_dev:viewpoint_dev,1.560356343,1.10186722,1.416101972,0.156745651,FALSE
fixed,(Intercept),-1.848644671,0.195378671,-9.461855092,3.03E-21,TRUE
fixed,age_dev,1.072557219,0.377833089,2.838706429,0.004529681,TRUE
fixed,language_dev,1.051516804,0.377900179,2.782525289,0.005393766,TRUE
fixed,viewpoint_dev,-0.55019486,0.327588851,-1.679528649,0.09304906,FALSE
fixed,age_dev:language_dev,-2.28901148,0.758036485,-3.019658717,0.002530597,TRUE
fixed,age_dev:viewpoint_dev,1.101044129,0.65513112,1.680646965,0.092831508,FALSE
fixed,language_dev:viewpoint_dev,0.978953736,0.655141174,1.494263794,0.135106684,FALSE
fixed,age_dev:language_dev:viewpoint_dev,-1.076626153,1.310348917,-0.821633184,0.411285697,FALSE
fixed,(Intercept),-1.916130076,0.193353961,-9.909960291,3.77E-23,TRUE
fixed,age_dev,0.741495818,0.368605786,2.011622842,0.04425971,TRUE
fixed,language_dev,0.382241797,0.368489692,1.037320187,0.299586661,FALSE
fixed,viewpoint_dev,-0.16307504,0.271527533,-0.60058381,0.548117224,FALSE
fixed,age_dev:language_dev,-1.57491129,0.736874558,-2.137285475,0.032574779,TRUE
fixed,age_dev:viewpoint_dev,1.166019389,0.543873555,2.143916318,0.032039592,TRUE
fixed,language_dev:viewpoint_dev,0.01506909,0.543061947,0.027748382,0.977862835,FALSE
fixed,age_dev:language_dev:viewpoint_dev,-0.749908627,1.086173318,-0.690413412,0.489934245,FALSE
fixed,(Intercept),-1.576255063,0.155356685,-10.14603951,3.45E-24,TRUE
fixed,age_dev,0.502619613,0.299451981,1.678464812,0.093256394,FALSE
fixed,language_dev,0.551892096,0.299414555,1.843237369,0.065294361,FALSE
fixed,viewpoint_dev,-0.127068229,0.239739398,-0.530026479,0.596093572,FALSE
fixed,age_dev:language_dev,-1.360155868,0.598369815,-2.273102409,0.023020009,TRUE
fixed,age_dev:viewpoint_dev,1.536942091,0.480999178,3.195311263,0.001396801,TRUE
fixed,language_dev:viewpoint_dev,-0.147119318,0.479490031,-0.306824561,0.758976912,FALSE
fixed,age_dev:language_dev:viewpoint_dev,0.071371946,0.958719955,0.074445041,0.940656271,FALSE
fixed,(Intercept),-1.620527864,0.167879266,-9.652936306,4.78E-22,TRUE
fixed,age_dev,0.282850958,0.32081864,0.881653752,0.377964078,FALSE
fixed,language_dev,0.505124526,0.32061459,1.575488273,0.115143783,FALSE
fixed,viewpoint_dev,-0.122544966,0.237207527,-0.516614996,0.605424945,FALSE
fixed,age_dev:language_dev,-1.650618375,0.644350637,-2.561677259,0.010416807,TRUE
fixed,age_dev:viewpoint_dev,1.043242494,0.474991343,2.196340014,0.028067616,TRUE
fixed,language_dev:viewpoint_dev,0.172493393,0.474350046,0.363641566,0.716125684,FALSE
fixed,age_dev:language_dev:viewpoint_dev,-1.130890028,0.94880274,-1.191912692,0.233295481,FALSE
fixed,(Intercept),-1.386498639,0.16039151,-8.644464031,5.41E-18,TRUE
fixed,age_dev,0.934643043,0.313946555,2.97707692,0.00291011,TRUE
fixed,language_dev,0.173943477,0.314162233,0.553674054,0.579801935,FALSE
fixed,viewpoint_dev,-0.163538014,0.235922755,-0.693184573,0.488193728,FALSE
fixed,age_dev:language_dev,-2.657782415,0.632667372,-4.200915886,2.66E-05,TRUE
fixed,age_dev:viewpoint_dev,0.434981765,0.471893209,0.921780092,0.356643294,FALSE
fixed,language_dev:viewpoint_dev,0.037865282,0.471869314,0.080245274,0.936042183,FALSE
fixed,age_dev:language_dev:viewpoint_dev,0.410521707,0.943632192,0.435044195,0.663530349,FALSE
fixed,(Intercept),-2.053830135,0.247218705,-8.307745695,9.75E-17,TRUE
fixed,age_dev,0.544195739,0.464257676,1.172184688,0.241122915,FALSE
fixed,language_dev,0.356403082,0.465384962,0.765824234,0.443780892,FALSE
fixed,viewpoint_dev,0.321210411,0.272707657,1.177856222,0.23885393,FALSE
fixed,age_dev:language_dev,-1.583292344,0.932401567,-1.698079882,0.089492686,FALSE
fixed,age_dev:viewpoint_dev,1.750389438,0.54731637,3.198130979,0.001383214,TRUE
fixed,language_dev:viewpoint_dev,0.563388254,0.545140914,1.033472702,0.301382739,FALSE
fixed,age_dev:language_dev:viewpoint_dev,3.433480665,1.094390778,3.137344296,0.001704858,TRUE
fixed,(Intercept),-1.979096754,0.228495885,-8.661410904,4.66E-18,TRUE
fixed,age_dev,1.602489922,0.446266681,3.590879604,0.000329564,TRUE
fixed,language_dev,1.132723324,0.446198039,2.538611167,0.011129344,TRUE
fixed,viewpoint_dev,0.081369014,0.392454676,0.207333531,0.835749389,FALSE
fixed,age_dev:language_dev,-3.466436554,0.896308903,-3.867457462,0.000109976,TRUE
fixed,age_dev:viewpoint_dev,0.62993044,0.784878604,0.802583275,0.422215639,FALSE
fixed,language_dev:viewpoint_dev,0.081094791,0.784865588,0.103323157,0.917706497,FALSE
fixed,age_dev:language_dev:viewpoint_dev,-1.100153754,1.569673515,-0.700880625,0.483377517,FALSE
fixed,(Intercept),-3.642491545,5.864887875,-0.62106755,0.534555179,FALSE
fixed,age_dev,4.584215516,11.72890607,0.390847662,0.695909842,FALSE
fixed,language_dev,4.791398364,11.7287663,0.408516824,0.682894281,FALSE
fixed,viewpoint_dev,-3.576326288,11.72662218,-0.304974973,0.760385213,FALSE
fixed,age_dev:language_dev,-9.56570108,23.4572629,-0.407792722,0.683425858,FALSE
fixed,age_dev:viewpoint_dev,9.016918482,23.4536993,0.384456131,0.700640405,FALSE
fixed,language_dev:viewpoint_dev,8.29703927,23.45355963,0.353764606,0.723515301,FALSE
fixed,age_dev:language_dev:viewpoint_dev,-14.05578831,46.90225049,-0.299682599,0.764419273,FALSE
fixed,(Intercept),-1.806525477,0.228107413,-7.919626327,2.38E-15,TRUE
fixed,age_dev,1.560138734,0.445004559,3.505893822,0.000455077,TRUE
fixed,language_dev,1.455218554,0.445556176,3.266072006,0.001090505,TRUE
fixed,viewpoint_dev,0.193724986,0.338651032,0.572049006,0.567288775,FALSE
fixed,age_dev:language_dev,-2.118768684,0.888555035,-2.384510357,0.017101867,TRUE
fixed,age_dev:viewpoint_dev,-0.164270729,0.677272361,-0.242547517,0.808355943,FALSE
fixed,language_dev:viewpoint_dev,-0.114088429,0.677264544,-0.168454749,0.86622554,FALSE
fixed,age_dev:language_dev:viewpoint_dev,1.716375806,1.354472577,1.267191256,0.205086911,FALSE
fixed,(Intercept),-2.095775865,0.2490792,-8.414094245,3.96E-17,TRUE
fixed,age_dev,0.939395399,0.471181565,1.993701513,0.046184684,TRUE
fixed,language_dev,1.310856997,0.47229148,2.775525394,0.00551126,TRUE
fixed,viewpoint_dev,-0.198948177,0.36074832,-0.551487466,0.581299556,FALSE
fixed,age_dev:language_dev,-3.051117334,0.950803866,-3.208987092,0.001332035,TRUE
fixed,age_dev:viewpoint_dev,0.657565915,0.721824466,0.910977594,0.362307179,FALSE
fixed,language_dev:viewpoint_dev,-0.312298122,0.72120803,-0.43302086,0.664999615,FALSE
fixed,age_dev:language_dev:viewpoint_dev,2.2584404,1.442535136,1.565605123,0.11744109,FALSE
fixed,(Intercept),-1.877052749,0.260256776,-7.212310761,5.50E-13,TRUE
fixed,age_dev,1.203542618,0.500514651,2.404610165,0.016189726,TRUE
fixed,language_dev,0.802452309,0.499537761,1.606389692,0.108188314,FALSE
fixed,viewpoint_dev,-0.319966953,0.339718497,-0.941859086,0.34626479,FALSE
fixed,age_dev:language_dev,-3.27441552,1.007260879,-3.25081177,0.00115076,TRUE
fixed,age_dev:viewpoint_dev,1.878311366,0.68066089,2.759540607,0.005788269,TRUE
fixed,language_dev:viewpoint_dev,1.299634276,0.680060669,1.911056373,0.055997337,FALSE
fixed,age_dev:language_dev:viewpoint_dev,-0.190111286,1.358993765,-0.139891213,0.888745944,FALSE
fixed,(Intercept),-1.297693846,0.193564224,-6.704202967,2.03E-11,TRUE
fixed,age_dev,1.129172249,0.381228446,2.961930726,0.003057166,TRUE
fixed,language_dev,0.542931386,0.38024362,1.427851401,0.153334634,FALSE
fixed,viewpoint_dev,-0.339234033,0.232863642,-1.456792608,0.145173637,FALSE
fixed,age_dev:language_dev,-1.521311955,0.760724739,-1.999819221,0.045519788,TRUE
fixed,age_dev:viewpoint_dev,1.593655714,0.467289803,3.410422618,0.000648623,TRUE
fixed,language_dev:viewpoint_dev,-0.497041555,0.466274106,-1.065985754,0.286430082,FALSE
fixed,age_dev:language_dev:viewpoint_dev,0.288167755,0.931222632,0.309450979,0.756978497,FALSE
