subject,language,age,viewpoint,spatial_encoding,language_dev,age_dev,viewpoint_dev,b0,b1,b2,b3,b4,b5,b6,b7,u0p,logodds,probability,RL
1,native,adult,dependent,1,0.5,0.5,0.5,-1.76,0.785,0.536,-0.084,-1.612,1.136,0.171,0.618,1.113532725,-0.026967275,0.49325859,1
1,native,adult,dependent,1,0.5,0.5,0.5,-1.76,0.785,0.536,-0.084,-1.612,1.136,0.171,0.618,1.113532725,-0.026967275,0.49325859,1
1,native,adult,dependent,1,0.5,0.5,0.5,-1.76,0.785,0.536,-0.084,-1.612,1.136,0.171,0.618,1.113532725,-0.026967275,0.49325859,1
1,native,adult,dependent,1,0.5,0.5,0.5,-1.76,0.785,0.536,-0.084,-1.612,1.136,0.171,0.618,1.113532725,-0.026967275,0.49325859,1
1,native,adult,dependent,1,0.5,0.5,0.5,-1.76,0.785,0.536,-0.084,-1.612,1.136,0.171,0.618,1.113532725,-0.026967275,0.49325859,0
1,native,adult,dependent,1,0.5,0.5,0.5,-1.76,0.785,0.536,-0.084,-1.612,1.136,0.171,0.618,1.113532725,-0.026967275,0.49325859,1
1,native,adult,dependent,1,0.5,0.5,0.5,-1.76,0.785,0.536,-0.084,-1.612,1.136,0.171,0.618,1.113532725,-0.026967275,0.49325859,1
1,native,adult,dependent,1,0.5,0.5,0.5,-1.76,0.785,0.536,-0.084,-1.612,1.136,0.171,0.618,1.113532725,-0.026967275,0.49325859,1
1,native,adult,dependent,1,0.5,0.5,0.5,-1.76,0.785,0.536,-0.084,-1.612,1.136,0.171,0.618,1.113532725,-0.026967275,0.49325859,0
1,native,adult,independent,1,0.5,0.5,-0.5,-1.76,0.785,0.536,-0.084,-1.612,1.136,0.171,0.618,1.113532725,-0.750967275,0.320610573,1
1,native,adult,independent,1,0.5,0.5,-0.5,-1.76,0.785,0.536,-0.084,-1.612,1.136,0.171,0.618,1.113532725,-0.750967275,0.320610573,0
1,native,adult,independent,1,0.5,0.5,-0.5,-1.76,0.785,0.536,-0.084,-1.612,1.136,0.171,0.618,1.113532725,-0.750967275,0.320610573,0
1,native,adult,independent,1,0.5,0.5,-0.5,-1.76,0.785,0.536,-0.084,-1.612,1.136,0.171,0.618,1.113532725,-0.750967275,0.320610573,0
1,native,adult,independent,1,0.5,0.5,-0.5,-1.76,0.785,0.536,-0.084,-1.612,1.136,0.171,0.618,1.113532725,-0.750967275,0.320610573,0
1,native,adult,independent,1,0.5,0.5,-0.5,-1.76,0.785,0.536,-0.084,-1.612,1.136,0.171,0.618,1.113532725,-0.750967275,0.320610573,0
2,native,adult,dependent,1,0.5,0.5,0.5,-1.76,0.785,0.536,-0.084,-1.612,1.136,0.171,0.618,0.879298949,-0.261201051,0.435068486,1
2,native,adult,dependent,1,0.5,0.5,0.5,-1.76,0.785,0.536,-0.084,-1.612,1.136,0.171,0.618,0.879298949,-0.261201051,0.435068486,1
2,native,adult,dependent,1,0.5,0.5,0.5,-1.76,0.785,0.536,-0.084,-1.612,1.136,0.171,0.618,0.879298949,-0.261201051,0.435068486,0
2,native,adult,dependent,1,0.5,0.5,0.5,-1.76,0.785,0.536,-0.084,-1.612,1.136,0.171,0.618,0.879298949,-0.261201051,0.435068486,0
2,native,adult,dependent,1,0.5,0.5,0.5,-1.76,0.785,0.536,-0.084,-1.612,1.136,0.171,0.618,0.879298949,-0.261201051,0.435068486,1
2,native,adult,dependent,1,0.5,0.5,0.5,-1.76,0.785,0.536,-0.084,-1.612,1.136,0.171,0.618,0.879298949,-0.261201051,0.435068486,0
2,native,adult,dependent,1,0.5,0.5,0.5,-1.76,0.785,0.536,-0.084,-1.612,1.136,0.171,0.618,0.879298949,-0.261201051,0.435068486,1
2,native,adult,dependent,1,0.5,0.5,0.5,-1.76,0.785,0.536,-0.084,-1.612,1.136,0.171,0.618,0.879298949,-0.261201051,0.435068486,1
2,native,adult,independent,1,0.5,0.5,-0.5,-1.76,0.785,0.536,-0.084,-1.612,1.136,0.171,0.618,0.879298949,-0.985201051,0.271861001,1
2,native,adult,independent,1,0.5,0.5,-0.5,-1.76,0.785,0.536,-0.084,-1.612,1.136,0.171,0.618,0.879298949,-0.985201051,0.271861001,1
2,native,adult,independent,1,0.5,0.5,-0.5,-1.76,0.785,0.536,-0.084,-1.612,1.136,0.171,0.618,0.879298949,-0.985201051,0.271861001,0
2,native,adult,independent,1,0.5,0.5,-0.5,-1.76,0.785,0.536,-0.084,-1.612,1.136,0.171,0.618,0.879298949,-0.985201051,0.271861001,0
2,native,adult,independent,1,0.5,0.5,-0.5,-1.76,0.785,0.536,-0.084,-1.612,1.136,0.171,0.618,0.879298949,-0.985201051,0.271861001,0
2,native,adult,independent,1,0.5,0.5,-0.5,-1.76,0.785,0.536,-0.084,-1.612,1.136,0.171,0.618,0.879298949,-0.985201051,0.271861001,1
3,native,adult,dependent,1,0.5,0.5,0.5,-1.76,0.785,0.536,-0.084,-1.612,1.136,0.171,0.618,-0.385187101,-1.525687101,0.178625591,0
3,native,adult,dependent,1,0.5,0.5,0.5,-1.76,0.785,0.536,-0.084,-1.612,1.136,0.171,0.618,-0.385187101,-1.525687101,0.178625591,0
3,native,adult,dependent,1,0.5,0.5,0.5,-1.76,0.785,0.536,-0.084,-1.612,1.136,0.171,0.618,-0.385187101,-1.525687101,0.178625591,0
3,native,adult,dependent,1,0.5,0.5,0.5,-1.76,0.785,0.536,-0.084,-1.612,1.136,0.171,0.618,-0.385187101,-1.525687101,0.178625591,0
3,native,adult,dependent,1,0.5,0.5,0.5,-1.76,0.785,0.536,-0.084,-1.612,1.136,0.171,0.618,-0.385187101,-1.525687101,0.178625591,0
3,native,adult,dependent,1,0.5,0.5,0.5,-1.76,0.785,0.536,-0.084,-1.612,1.136,0.171,0.618,-0.385187101,-1.525687101,0.178625591,0
3,native,adult,dependent,1,0.5,0.5,0.5,-1.76,0.785,0.536,-0.084,-1.612,1.136,0.171,0.618,-0.385187101,-1.525687101,0.178625591,0
3,native,adult,dependent,1,0.5,0.5,0.5,-1.76,0.785,0.536,-0.084,-1.612,1.136,0.171,0.618,-0.385187101,-1.525687101,0.178625591,0
3,native,adult,dependent,1,0.5,0.5,0.5,-1.76,0.785,0.536,-0.084,-1.612,1.136,0.171,0.618,-0.385187101,-1.525687101,0.178625591,0
3,native,adult,independent,1,0.5,0.5,-0.5,-1.76,0.785,0.536,-0.084,-1.612,1.136,0.171,0.618,-0.385187101,-2.249687101,0.095376458,0
3,native,adult,independent,1,0.5,0.5,-0.5,-1.76,0.785,0.536,-0.084,-1.612,1.136,0.171,0.618,-0.385187101,-2.249687101,0.095376458,0
3,native,adult,independent,1,0.5,0.5,-0.5,-1.76,0.785,0.536,-0.084,-1.612,1.136,0.171,0.618,-0.385187101,-2.249687101,0.095376458,0
3,native,adult,independent,1,0.5,0.5,-0.5,-1.76,0.785,0.536,-0.084,-1.612,1.136,0.171,0.618,-0.385187101,-2.249687101,0.095376458,0
3,native,adult,independent,1,0.5,0.5,-0.5,-1.76,0.785,0.536,-0.084,-1.612,1.136,0.171,0.618,-0.385187101,-2.249687101,0.095376458,1
3,native,adult,independent,1,0.5,0.5,-0.5,-1.76,0.785,0.536,-0.084,-1.612,1.136,0.171,0.618,-0.385187101,-2.249687101,0.095376458,0
4,native,adult,dependent,1,0.5,0.5,0.5,-1.76,0.785,0.536,-0.084,-1.612,1.136,0.171,0.618,0.531788692,-0.608711308,0.352353222,0
4,native,adult,dependent,1,0.5,0.5,0.5,-1.76,0.785,0.536,-0.084,-1.612,1.136,0.171,0.618,0.531788692,-0.608711308,0.352353222,0
4,native,adult,dependent,1,0.5,0.5,0.5,-1.76,0.785,0.536,-0.084,-1.612,1.136,0.171,0.618,0.531788692,-0.608711308,0.352353222,0
4,native,adult,dependent,1,0.5,0.5,0.5,-1.76,0.785,0.536,-0.084,-1.612,1.136,0.171,0.618,0.531788692,-0.608711308,0.352353222,1
4,native,adult,dependent,1,0.5,0.5,0.5,-1.76,0.785,0.536,-0.084,-1.612,1.136,0.171,0.618,0.531788692,-0.608711308,0.352353222,0
4,native,adult,dependent,1,0.5,0.5,0.5,-1.76,0.785,0.536,-0.084,-1.612,1.136,0.171,0.618,0.531788692,-0.608711308,0.352353222,1
4,native,adult,dependent,1,0.5,0.5,0.5,-1.76,0.785,0.536,-0.084,-1.612,1.136,0.171,0.618,0.531788692,-0.608711308,0.352353222,1
4,native,adult,dependent,1,0.5,0.5,0.5,-1.76,0.785,0.536,-0.084,-1.612,1.136,0.171,0.618,0.531788692,-0.608711308,0.352353222,0
4,native,adult,dependent,1,0.5,0.5,0.5,-1.76,0.785,0.536,-0.084,-1.612,1.136,0.171,0.618,0.531788692,-0.608711308,0.352353222,0
4,native,adult,independent,1,0.5,0.5,-0.5,-1.76,0.785,0.536,-0.084,-1.612,1.136,0.171,0.618,0.531788692,-1.332711308,0.208711237,0
4,native,adult,independent,1,0.5,0.5,-0.5,-1.76,0.785,0.536,-0.084,-1.612,1.136,0.171,0.618,0.531788692,-1.332711308,0.208711237,0
4,native,adult,independent,1,0.5,0.5,-0.5,-1.76,0.785,0.536,-0.084,-1.612,1.136,0.171,0.618,0.531788692,-1.332711308,0.208711237,0
4,native,adult,independent,1,0.5,0.5,-0.5,-1.76,0.785,0.536,-0.084,-1.612,1.136,0.171,0.618,0.531788692,-1.332711308,0.208711237,0
4,native,adult,independent,1,0.5,0.5,-0.5,-1.76,0.785,0.536,-0.084,-1.612,1.136,0.171,0.618,0.531788692,-1.332711308,0.208711237,0
4,native,adult,independent,1,0.5,0.5,-0.5,-1.76,0.785,0.536,-0.084,-1.612,1.136,0.171,0.618,0.531788692,-1.332711308,0.208711237,0
5,native,adult,dependent,1,0.5,0.5,0.5,-1.76,0.785,0.536,-0.084,-1.612,1.136,0.171,0.618,1.263744427,0.123244427,0.530772166,0
5,native,adult,dependent,1,0.5,0.5,0.5,-1.76,0.785,0.536,-0.084,-1.612,1.136,0.171,0.618,1.263744427,0.123244427,0.530772166,0
5,native,adult,dependent,1,0.5,0.5,0.5,-1.76,0.785,0.536,-0.084,-1.612,1.136,0.171,0.618,1.263744427,0.123244427,0.530772166,0
5,native,adult,dependent,1,0.5,0.5,0.5,-1.76,0.785,0.536,-0.084,-1.612,1.136,0.171,0.618,1.263744427,0.123244427,0.530772166,0
5,native,adult,dependent,1,0.5,0.5,0.5,-1.76,0.785,0.536,-0.084,-1.612,1.136,0.171,0.618,1.263744427,0.123244427,0.530772166,1
5,native,adult,dependent,1,0.5,0.5,0.5,-1.76,0.785,0.536,-0.084,-1.612,1.136,0.171,0.618,1.263744427,0.123244427,0.530772166,1
5,native,adult,dependent,1,0.5,0.5,0.5,-1.76,0.785,0.536,-0.084,-1.612,1.136,0.171,0.618,1.263744427,0.123244427,0.530772166,0
5,native,adult,dependent,1,0.5,0.5,0.5,-1.76,0.785,0.536,-0.084,-1.612,1.136,0.171,0.618,1.263744427,0.123244427,0.530772166,0
5,native,adult,dependent,1,0.5,0.5,0.5,-1.76,0.785,0.536,-0.084,-1.612,1.136,0.171,0.618,1.263744427,0.123244427,0.530772166,0
5,native,adult,independent,1,0.5,0.5,-0.5,-1.76,0.785,0.536,-0.084,-1.612,1.136,0.171,0.618,1.263744427,-0.600755573,0.35417085,1
5,native,adult,independent,1,0.5,0.5,-0.5,-1.76,0.785,0.536,-0.084,-1.612,1.136,0.171,0.618,1.263744427,-0.600755573,0.35417085,1
5,native,adult,independent,1,0.5,0.5,-0.5,-1.76,0.785,0.536,-0.084,-1.612,1.136,0.171,0.618,1.263744427,-0.600755573,0.35417085,1
5,native,adult,independent,1,0.5,0.5,-0.5,-1.76,0.785,0.536,-0.084,-1.612,1.136,0.171,0.618,1.263744427,-0.600755573,0.35417085,0
5,native,adult,independent,1,0.5,0.5,-0.5,-1.76,0.785,0.536,-0.084,-1.612,1.136,0.171,0.618,1.263744427,-0.600755573,0.35417085,1
5,native,adult,independent,1,0.5,0.5,-0.5,-1.76,0.785,0.536,-0.084,-1.612,1.136,0.171,0.618,1.263744427,-0.600755573,0.35417085,1
6,native,adult,dependent,1,0.5,0.5,0.5,-1.76,0.785,0.536,-0.084,-1.612,1.136,0.171,0.618,0.844095612,-0.296404388,0.426436695,0
6,native,adult,dependent,1,0.5,0.5,0.5,-1.76,0.785,0.536,-0.084,-1.612,1.136,0.171,0.618,0.844095612,-0.296404388,0.426436695,1
6,native,adult,dependent,1,0.5,0.5,0.5,-1.76,0.785,0.536,-0.084,-1.612,1.136,0.171,0.618,0.844095612,-0.296404388,0.426436695,0
6,native,adult,dependent,1,0.5,0.5,0.5,-1.76,0.785,0.536,-0.084,-1.612,1.136,0.171,0.618,0.844095612,-0.296404388,0.426436695,0
6,native,adult,dependent,1,0.5,0.5,0.5,-1.76,0.785,0.536,-0.084,-1.612,1.136,0.171,0.618,0.844095612,-0.296404388,0.426436695,1
6,native,adult,dependent,1,0.5,0.5,0.5,-1.76,0.785,0.536,-0.084,-1.612,1.136,0.171,0.618,0.844095612,-0.296404388,0.426436695,0
6,native,adult,dependent,1,0.5,0.5,0.5,-1.76,0.785,0.536,-0.084,-1.612,1.136,0.171,0.618,0.844095612,-0.296404388,0.426436695,0
6,native,adult,dependent,1,0.5,0.5,0.5,-1.76,0.785,0.536,-0.084,-1.612,1.136,0.171,0.618,0.844095612,-0.296404388,0.426436695,0
6,native,adult,dependent,1,0.5,0.5,0.5,-1.76,0.785,0.536,-0.084,-1.612,1.136,0.171,0.618,0.844095612,-0.296404388,0.426436695,1
6,native,adult,independent,1,0.5,0.5,-0.5,-1.76,0.785,0.536,-0.084,-1.612,1.136,0.171,0.618,0.844095612,-1.020404388,0.264948638,1
6,native,adult,independent,1,0.5,0.5,-0.5,-1.76,0.785,0.536,-0.084,-1.612,1.136,0.171,0.618,0.844095612,-1.020404388,0.264948638,0
6,native,adult,independent,1,0.5,0.5,-0.5,-1.76,0.785,0.536,-0.084,-1.612,1.136,0.171,0.618,0.844095612,-1.020404388,0.264948638,1
6,native,adult,independent,1,0.5,0.5,-0.5,-1.76,0.785,0.536,-0.084,-1.612,1.136,0.171,0.618,0.844095612,-1.020404388,0.264948638,0
6,native,adult,independent,1,0.5,0.5,-0.5,-1.76,0.785,0.536,-0.084,-1.612,1.136,0.171,0.618,0.844095612,-1.020404388,0.264948638,0
6,native,adult,independent,1,0.5,0.5,-0.5,-1.76,0.785,0.536,-0.084,-1.612,1.136,0.171,0.618,0.844095612,-1.020404388,0.264948638,1
7,native,adult,dependent,1,0.5,0.5,0.5,-1.76,0.785,0.536,-0.084,-1.612,1.136,0.171,0.618,-0.564335451,-1.704835451,0.153834782,0
7,native,adult,dependent,1,0.5,0.5,0.5,-1.76,0.785,0.536,-0.084,-1.612,1.136,0.171,0.618,-0.564335451,-1.704835451,0.153834782,0
7,native,adult,dependent,1,0.5,0.5,0.5,-1.76,0.785,0.536,-0.084,-1.612,1.136,0.171,0.618,-0.564335451,-1.704835451,0.153834782,0
7,native,adult,dependent,1,0.5,0.5,0.5,-1.76,0.785,0.536,-0.084,-1.612,1.136,0.171,0.618,-0.564335451,-1.704835451,0.153834782,1
7,native,adult,dependent,1,0.5,0.5,0.5,-1.76,0.785,0.536,-0.084,-1.612,1.136,0.171,0.618,-0.564335451,-1.704835451,0.153834782,0
7,native,adult,dependent,1,0.5,0.5,0.5,-1.76,0.785,0.536,-0.084,-1.612,1.136,0.171,0.618,-0.564335451,-1.704835451,0.153834782,0
7,native,adult,dependent,1,0.5,0.5,0.5,-1.76,0.785,0.536,-0.084,-1.612,1.136,0.171,0.618,-0.564335451,-1.704835451,0.153834782,1
7,native,adult,dependent,1,0.5,0.5,0.5,-1.76,0.785,0.536,-0.084,-1.612,1.136,0.171,0.618,-0.564335451,-1.704835451,0.153834782,0
7,native,adult,dependent,1,0.5,0.5,0.5,-1.76,0.785,0.536,-0.084,-1.612,1.136,0.171,0.618,-0.564335451,-1.704835451,0.153834782,0
7,native,adult,independent,1,0.5,0.5,-0.5,-1.76,0.785,0.536,-0.084,-1.612,1.136,0.171,0.618,-0.564335451,-2.428835451,0.081000113,0
7,native,adult,independent,1,0.5,0.5,-0.5,-1.76,0.785,0.536,-0.084,-1.612,1.136,0.171,0.618,-0.564335451,-2.428835451,0.081000113,0
7,native,adult,independent,1,0.5,0.5,-0.5,-1.76,0.785,0.536,-0.084,-1.612,1.136,0.171,0.618,-0.564335451,-2.428835451,0.081000113,1
7,native,adult,independent,1,0.5,0.5,-0.5,-1.76,0.785,0.536,-0.084,-1.612,1.136,0.171,0.618,-0.564335451,-2.428835451,0.081000113,0
7,native,adult,independent,1,0.5,0.5,-0.5,-1.76,0.785,0.536,-0.084,-1.612,1.136,0.171,0.618,-0.564335451,-2.428835451,0.081000113,0
7,native,adult,independent,1,0.5,0.5,-0.5,-1.76,0.785,0.536,-0.084,-1.612,1.136,0.171,0.618,-0.564335451,-2.428835451,0.081000113,0
8,native,adult,dependent,1,0.5,0.5,0.5,-1.76,0.785,0.536,-0.084,-1.612,1.136,0.171,0.618,-0.153708164,-1.294208164,0.215141387,0
8,native,adult,dependent,1,0.5,0.5,0.5,-1.76,0.785,0.536,-0.084,-1.612,1.136,0.171,0.618,-0.153708164,-1.294208164,0.215141387,0
8,native,adult,dependent,1,0.5,0.5,0.5,-1.76,0.785,0.536,-0.084,-1.612,1.136,0.171,0.618,-0.153708164,-1.294208164,0.215141387,1
8,native,adult,dependent,1,0.5,0.5,0.5,-1.76,0.785,0.536,-0.084,-1.612,1.136,0.171,0.618,-0.153708164,-1.294208164,0.215141387,1
8,native,adult,dependent,1,0.5,0.5,0.5,-1.76,0.785,0.536,-0.084,-1.612,1.136,0.171,0.618,-0.153708164,-1.294208164,0.215141387,0
8,native,adult,dependent,1,0.5,0.5,0.5,-1.76,0.785,0.536,-0.084,-1.612,1.136,0.171,0.618,-0.153708164,-1.294208164,0.215141387,0
8,native,adult,dependent,1,0.5,0.5,0.5,-1.76,0.785,0.536,-0.084,-1.612,1.136,0.171,0.618,-0.153708164,-1.294208164,0.215141387,1
8,native,adult,dependent,1,0.5,0.5,0.5,-1.76,0.785,0.536,-0.084,-1.612,1.136,0.171,0.618,-0.153708164,-1.294208164,0.215141387,0
8,native,adult,dependent,1,0.5,0.5,0.5,-1.76,0.785,0.536,-0.084,-1.612,1.136,0.171,0.618,-0.153708164,-1.294208164,0.215141387,0
8,native,adult,independent,1,0.5,0.5,-0.5,-1.76,0.785,0.536,-0.084,-1.612,1.136,0.171,0.618,-0.153708164,-2.018208164,0.117304398,0
8,native,adult,independent,1,0.5,0.5,-0.5,-1.76,0.785,0.536,-0.084,-1.612,1.136,0.171,0.618,-0.153708164,-2.018208164,0.117304398,0
8,native,adult,independent,1,0.5,0.5,-0.5,-1.76,0.785,0.536,-0.084,-1.612,1.136,0.171,0.618,-0.153708164,-2.018208164,0.117304398,0
8,native,adult,independent,1,0.5,0.5,-0.5,-1.76,0.785,0.536,-0.084,-1.612,1.136,0.171,0.618,-0.153708164,-2.018208164,0.117304398,0
8,native,adult,independent,1,0.5,0.5,-0.5,-1.76,0.785,0.536,-0.084,-1.612,1.136,0.171,0.618,-0.153708164,-2.018208164,0.117304398,0
8,native,adult,independent,1,0.5,0.5,-0.5,-1.76,0.785,0.536,-0.084,-1.612,1.136,0.171,0.618,-0.153708164,-2.018208164,0.117304398,1
9,native,adult,dependent,1,0.5,0.5,0.5,-1.76,0.785,0.536,-0.084,-1.612,1.136,0.171,0.618,-0.326975445,-1.467475445,0.187326637,0
9,native,adult,dependent,1,0.5,0.5,0.5,-1.76,0.785,0.536,-0.084,-1.612,1.136,0.171,0.618,-0.326975445,-1.467475445,0.187326637,0
9,native,adult,dependent,1,0.5,0.5,0.5,-1.76,0.785,0.536,-0.084,-1.612,1.136,0.171,0.618,-0.326975445,-1.467475445,0.187326637,0
9,native,adult,dependent,1,0.5,0.5,0.5,-1.76,0.785,0.536,-0.084,-1.612,1.136,0.171,0.618,-0.326975445,-1.467475445,0.187326637,0
9,native,adult,dependent,1,0.5,0.5,0.5,-1.76,0.785,0.536,-0.084,-1.612,1.136,0.171,0.618,-0.326975445,-1.467475445,0.187326637,0
9,native,adult,dependent,1,0.5,0.5,0.5,-1.76,0.785,0.536,-0.084,-1.612,1.136,0.171,0.618,-0.326975445,-1.467475445,0.187326637,0
9,native,adult,dependent,1,0.5,0.5,0.5,-1.76,0.785,0.536,-0.084,-1.612,1.136,0.171,0.618,-0.326975445,-1.467475445,0.187326637,0
9,native,adult,dependent,1,0.5,0.5,0.5,-1.76,0.785,0.536,-0.084,-1.612,1.136,0.171,0.618,-0.326975445,-1.467475445,0.187326637,0
9,native,adult,dependent,1,0.5,0.5,0.5,-1.76,0.785,0.536,-0.084,-1.612,1.136,0.171,0.618,-0.326975445,-1.467475445,0.187326637,0
9,native,adult,independent,1,0.5,0.5,-0.5,-1.76,0.785,0.536,-0.084,-1.612,1.136,0.171,0.618,-0.326975445,-2.191475445,0.100518613,0
9,native,adult,independent,1,0.5,0.5,-0.5,-1.76,0.785,0.536,-0.084,-1.612,1.136,0.171,0.618,-0.326975445,-2.191475445,0.100518613,0
9,native,adult,independent,1,0.5,0.5,-0.5,-1.76,0.785,0.536,-0.084,-1.612,1.136,0.171,0.618,-0.326975445,-2.191475445,0.100518613,0
9,native,adult,independent,1,0.5,0.5,-0.5,-1.76,0.785,0.536,-0.084,-1.612,1.136,0.171,0.618,-0.326975445,-2.191475445,0.100518613,0
9,native,adult,independent,1,0.5,0.5,-0.5,-1.76,0.785,0.536,-0.084,-1.612,1.136,0.171,0.618,-0.326975445,-2.191475445,0.100518613,0
9,native,adult,independent,1,0.5,0.5,-0.5,-1.76,0.785,0.536,-0.084,-1.612,1.136,0.171,0.618,-0.326975445,-2.191475445,0.100518613,0
10,native,adult,dependent,1,0.5,0.5,0.5,-1.76,0.785,0.536,-0.084,-1.612,1.136,0.171,0.618,-0.163239295,-1.303739295,0.213536372,0
10,native,adult,dependent,1,0.5,0.5,0.5,-1.76,0.785,0.536,-0.084,-1.612,1.136,0.171,0.618,-0.163239295,-1.303739295,0.213536372,0
10,native,adult,dependent,1,0.5,0.5,0.5,-1.76,0.785,0.536,-0.084,-1.612,1.136,0.171,0.618,-0.163239295,-1.303739295,0.213536372,0
10,native,adult,dependent,1,0.5,0.5,0.5,-1.76,0.785,0.536,-0.084,-1.612,1.136,0.171,0.618,-0.163239295,-1.303739295,0.213536372,0
10,native,adult,dependent,1,0.5,0.5,0.5,-1.76,0.785,0.536,-0.084,-1.612,1.136,0.171,0.618,-0.163239295,-1.303739295,0.213536372,0
10,native,adult,dependent,1,0.5,0.5,0.5,-1.76,0.785,0.536,-0.084,-1.612,1.136,0.171,0.618,-0.163239295,-1.303739295,0.213536372,0
10,native,adult,dependent,1,0.5,0.5,0.5,-1.76,0.785,0.536,-0.084,-1.612,1.136,0.171,0.618,-0.163239295,-1.303739295,0.213536372,0
10,native,adult,dependent,1,0.5,0.5,0.5,-1.76,0.785,0.536,-0.084,-1.612,1.136,0.171,0.618,-0.163239295,-1.303739295,0.213536372,0
10,native,adult,dependent,1,0.5,0.5,0.5,-1.76,0.785,0.536,-0.084,-1.612,1.136,0.171,0.618,-0.163239295,-1.303739295,0.213536372,0
10,native,adult,independent,1,0.5,0.5,-0.5,-1.76,0.785,0.536,-0.084,-1.612,1.136,0.171,0.618,-0.163239295,-2.027739295,0.1163211,0
10,native,adult,independent,1,0.5,0.5,-0.5,-1.76,0.785,0.536,-0.084,-1.612,1.136,0.171,0.618,-0.163239295,-2.027739295,0.1163211,1
10,native,adult,independent,1,0.5,0.5,-0.5,-1.76,0.785,0.536,-0.084,-1.612,1.136,0.171,0.618,-0.163239295,-2.027739295,0.1163211,0
10,native,adult,independent,1,0.5,0.5,-0.5,-1.76,0.785,0.536,-0.084,-1.612,1.136,0.171,0.618,-0.163239295,-2.027739295,0.1163211,0
10,native,adult,independent,1,0.5,0.5,-0.5,-1.76,0.785,0.536,-0.084,-1.612,1.136,0.171,0.618,-0.163239295,-2.027739295,0.1163211,0
10,native,adult,independent,1,0.5,0.5,-0.5,-1.76,0.785,0.536,-0.084,-1.612,1.136,0.171,0.618,-0.163239295,-2.027739295,0.1163211,0
11,native,adult,dependent,1,0.5,0.5,0.5,-1.76,0.785,0.536,-0.084,-1.612,1.136,0.171,0.618,-0.339026784,-1.479526784,0.185498906,0
11,native,adult,dependent,1,0.5,0.5,0.5,-1.76,0.785,0.536,-0.084,-1.612,1.136,0.171,0.618,-0.339026784,-1.479526784,0.185498906,0
11,native,adult,dependent,1,0.5,0.5,0.5,-1.76,0.785,0.536,-0.084,-1.612,1.136,0.171,0.618,-0.339026784,-1.479526784,0.185498906,0
11,native,adult,dependent,1,0.5,0.5,0.5,-1.76,0.785,0.536,-0.084,-1.612,1.136,0.171,0.618,-0.339026784,-1.479526784,0.185498906,0
11,native,adult,dependent,1,0.5,0.5,0.5,-1.76,0.785,0.536,-0.084,-1.612,1.136,0.171,0.618,-0.339026784,-1.479526784,0.185498906,0
11,native,adult,dependent,1,0.5,0.5,0.5,-1.76,0.785,0.536,-0.084,-1.612,1.136,0.171,0.618,-0.339026784,-1.479526784,0.185498906,1
11,native,adult,dependent,1,0.5,0.5,0.5,-1.76,0.785,0.536,-0.084,-1.612,1.136,0.171,0.618,-0.339026784,-1.479526784,0.185498906,1
11,native,adult,dependent,1,0.5,0.5,0.5,-1.76,0.785,0.536,-0.084,-1.612,1.136,0.171,0.618,-0.339026784,-1.479526784,0.185498906,0
11,native,adult,dependent,1,0.5,0.5,0.5,-1.76,0.785,0.536,-0.084,-1.612,1.136,0.171,0.618,-0.339026784,-1.479526784,0.185498906,0
11,native,adult,independent,1,0.5,0.5,-0.5,-1.76,0.785,0.536,-0.084,-1.612,1.136,0.171,0.618,-0.339026784,-2.203526784,0.09943423,0
11,native,adult,independent,1,0.5,0.5,-0.5,-1.76,0.785,0.536,-0.084,-1.612,1.136,0.171,0.618,-0.339026784,-2.203526784,0.09943423,0
11,native,adult,independent,1,0.5,0.5,-0.5,-1.76,0.785,0.536,-0.084,-1.612,1.136,0.171,0.618,-0.339026784,-2.203526784,0.09943423,0
11,native,adult,independent,1,0.5,0.5,-0.5,-1.76,0.785,0.536,-0.084,-1.612,1.136,0.171,0.618,-0.339026784,-2.203526784,0.09943423,0
11,native,adult,independent,1,0.5,0.5,-0.5,-1.76,0.785,0.536,-0.084,-1.612,1.136,0.171,0.618,-0.339026784,-2.203526784,0.09943423,0
11,native,adult,independent,1,0.5,0.5,-0.5,-1.76,0.785,0.536,-0.084,-1.612,1.136,0.171,0.618,-0.339026784,-2.203526784,0.09943423,0
12,native,adult,dependent,1,0.5,0.5,0.5,-1.76,0.785,0.536,-0.084,-1.612,1.136,0.171,0.618,0.708134455,-0.432365545,0.393561603,1
12,native,adult,dependent,1,0.5,0.5,0.5,-1.76,0.785,0.536,-0.084,-1.612,1.136,0.171,0.618,0.708134455,-0.432365545,0.393561603,1
12,native,adult,dependent,1,0.5,0.5,0.5,-1.76,0.785,0.536,-0.084,-1.612,1.136,0.171,0.618,0.708134455,-0.432365545,0.393561603,0
12,native,adult,dependent,1,0.5,0.5,0.5,-1.76,0.785,0.536,-0.084,-1.612,1.136,0.171,0.618,0.708134455,-0.432365545,0.393561603,0
12,native,adult,dependent,1,0.5,0.5,0.5,-1.76,0.785,0.536,-0.084,-1.612,1.136,0.171,0.618,0.708134455,-0.432365545,0.393561603,0
12,native,adult,dependent,1,0.5,0.5,0.5,-1.76,0.785,0.536,-0.084,-1.612,1.136,0.171,0.618,0.708134455,-0.432365545,0.393561603,1
12,native,adult,dependent,1,0.5,0.5,0.5,-1.76,0.785,0.536,-0.084,-1.612,1.136,0.171,0.618,0.708134455,-0.432365545,0.393561603,0
12,native,adult,dependent,1,0.5,0.5,0.5,-1.76,0.785,0.536,-0.084,-1.612,1.136,0.171,0.618,0.708134455,-0.432365545,0.393561603,0
12,native,adult,dependent,1,0.5,0.5,0.5,-1.76,0.785,0.536,-0.084,-1.612,1.136,0.171,0.618,0.708134455,-0.432365545,0.393561603,0
12,native,adult,independent,1,0.5,0.5,-0.5,-1.76,0.785,0.536,-0.084,-1.612,1.136,0.171,0.618,0.708134455,-1.156365545,0.239328312,0
12,native,adult,independent,1,0.5,0.5,-0.5,-1.76,0.785,0.536,-0.084,-1.612,1.136,0.171,0.618,0.708134455,-1.156365545,0.239328312,1
12,native,adult,independent,1,0.5,0.5,-0.5,-1.76,0.785,0.536,-0.084,-1.612,1.136,0.171,0.618,0.708134455,-1.156365545,0.239328312,1
12,native,adult,independent,1,0.5,0.5,-0.5,-1.76,0.785,0.536,-0.084,-1.612,1.136,0.171,0.618,0.708134455,-1.156365545,0.239328312,0
12,native,adult,independent,1,0.5,0.5,-0.5,-1.76,0.785,0.536,-0.084,-1.612,1.136,0.171,0.618,0.708134455,-1.156365545,0.239328312,0
12,native,adult,independent,1,0.5,0.5,-0.5,-1.76,0.785,0.536,-0.084,-1.612,1.136,0.171,0.618,0.708134455,-1.156365545,0.239328312,0
13,native,child,dependent,1,0.5,-0.5,0.5,-1.76,0.785,0.536,-0.084,-1.612,1.136,0.171,0.618,-0.745907432,-2.587907432,0.069920744,0
13,native,child,dependent,1,0.5,-0.5,0.5,-1.76,0.785,0.536,-0.084,-1.612,1.136,0.171,0.618,-0.745907432,-2.587907432,0.069920744,0
13,native,child,dependent,1,0.5,-0.5,0.5,-1.76,0.785,0.536,-0.084,-1.612,1.136,0.171,0.618,-0.745907432,-2.587907432,0.069920744,0
13,native,child,dependent,1,0.5,-0.5,0.5,-1.76,0.785,0.536,-0.084,-1.612,1.136,0.171,0.618,-0.745907432,-2.587907432,0.069920744,0
13,native,child,dependent,1,0.5,-0.5,0.5,-1.76,0.785,0.536,-0.084,-1.612,1.136,0.171,0.618,-0.745907432,-2.587907432,0.069920744,0
13,native,child,dependent,1,0.5,-0.5,0.5,-1.76,0.785,0.536,-0.084,-1.612,1.136,0.171,0.618,-0.745907432,-2.587907432,0.069920744,0
13,native,child,dependent,1,0.5,-0.5,0.5,-1.76,0.785,0.536,-0.084,-1.612,1.136,0.171,0.618,-0.745907432,-2.587907432,0.069920744,0
13,native,child,dependent,1,0.5,-0.5,0.5,-1.76,0.785,0.536,-0.084,-1.612,1.136,0.171,0.618,-0.745907432,-2.587907432,0.069920744,0
13,native,child,dependent,1,0.5,-0.5,0.5,-1.76,0.785,0.536,-0.084,-1.612,1.136,0.171,0.618,-0.745907432,-2.587907432,0.069920744,0
13,native,child,independent,1,0.5,-0.5,-0.5,-1.76,0.785,0.536,-0.084,-1.612,1.136,0.171,0.618,-0.745907432,-1.866907432,0.133899964,0
13,native,child,independent,1,0.5,-0.5,-0.5,-1.76,0.785,0.536,-0.084,-1.612,1.136,0.171,0.618,-0.745907432,-1.866907432,0.133899964,0
13,native,child,independent,1,0.5,-0.5,-0.5,-1.76,0.785,0.536,-0.084,-1.612,1.136,0.171,0.618,-0.745907432,-1.866907432,0.133899964,0
13,native,child,independent,1,0.5,-0.5,-0.5,-1.76,0.785,0.536,-0.084,-1.612,1.136,0.171,0.618,-0.745907432,-1.866907432,0.133899964,0
13,native,child,independent,1,0.5,-0.5,-0.5,-1.76,0.785,0.536,-0.084,-1.612,1.136,0.171,0.618,-0.745907432,-1.866907432,0.133899964,0
13,native,child,independent,1,0.5,-0.5,-0.5,-1.76,0.785,0.536,-0.084,-1.612,1.136,0.171,0.618,-0.745907432,-1.866907432,0.133899964,0
14,native,child,dependent,1,0.5,-0.5,0.5,-1.76,0.785,0.536,-0.084,-1.612,1.136,0.171,0.618,0.603075806,-1.238924194,0.224623301,0
14,native,child,dependent,1,0.5,-0.5,0.5,-1.76,0.785,0.536,-0.084,-1.612,1.136,0.171,0.618,0.603075806,-1.238924194,0.224623301,0
14,native,child,dependent,1,0.5,-0.5,0.5,-1.76,0.785,0.536,-0.084,-1.612,1.136,0.171,0.618,0.603075806,-1.238924194,0.224623301,1
14,native,child,dependent,1,0.5,-0.5,0.5,-1.76,0.785,0.536,-0.084,-1.612,1.136,0.171,0.618,0.603075806,-1.238924194,0.224623301,0
14,native,child,dependent,1,0.5,-0.5,0.5,-1.76,0.785,0.536,-0.084,-1.612,1.136,0.171,0.618,0.603075806,-1.238924194,0.224623301,0
14,native,child,dependent,1,0.5,-0.5,0.5,-1.76,0.785,0.536,-0.084,-1.612,1.136,0.171,0.618,0.603075806,-1.238924194,0.224623301,0
14,native,child,dependent,1,0.5,-0.5,0.5,-1.76,0.785,0.536,-0.084,-1.612,1.136,0.171,0.618,0.603075806,-1.238924194,0.224623301,0
14,native,child,dependent,1,0.5,-0.5,0.5,-1.76,0.785,0.536,-0.084,-1.612,1.136,0.171,0.618,0.603075806,-1.238924194,0.224623301,0
14,native,child,dependent,1,0.5,-0.5,0.5,-1.76,0.785,0.536,-0.084,-1.612,1.136,0.171,0.618,0.603075806,-1.238924194,0.224623301,0
14,native,child,independent,1,0.5,-0.5,-0.5,-1.76,0.785,0.536,-0.084,-1.612,1.136,0.171,0.618,0.603075806,-0.517924194,0.373337755,0
14,native,child,independent,1,0.5,-0.5,-0.5,-1.76,0.785,0.536,-0.084,-1.612,1.136,0.171,0.618,0.603075806,-0.517924194,0.373337755,0
14,native,child,independent,1,0.5,-0.5,-0.5,-1.76,0.785,0.536,-0.084,-1.612,1.136,0.171,0.618,0.603075806,-0.517924194,0.373337755,0
14,native,child,independent,1,0.5,-0.5,-0.5,-1.76,0.785,0.536,-0.084,-1.612,1.136,0.171,0.618,0.603075806,-0.517924194,0.373337755,0
14,native,child,independent,1,0.5,-0.5,-0.5,-1.76,0.785,0.536,-0.084,-1.612,1.136,0.171,0.618,0.603075806,-0.517924194,0.373337755,1
14,native,child,independent,1,0.5,-0.5,-0.5,-1.76,0.785,0.536,-0.084,-1.612,1.136,0.171,0.618,0.603075806,-0.517924194,0.373337755,0
15,native,child,dependent,1,0.5,-0.5,0.5,-1.76,0.785,0.536,-0.084,-1.612,1.136,0.171,0.618,-0.979933431,-2.821933431,0.056150379,1
15,native,child,dependent,1,0.5,-0.5,0.5,-1.76,0.785,0.536,-0.084,-1.612,1.136,0.171,0.618,-0.979933431,-2.821933431,0.056150379,0
15,native,child,dependent,1,0.5,-0.5,0.5,-1.76,0.785,0.536,-0.084,-1.612,1.136,0.171,0.618,-0.979933431,-2.821933431,0.056150379,0
15,native,child,dependent,1,0.5,-0.5,0.5,-1.76,0.785,0.536,-0.084,-1.612,1.136,0.171,0.618,-0.979933431,-2.821933431,0.056150379,0
15,native,child,dependent,1,0.5,-0.5,0.5,-1.76,0.785,0.536,-0.084,-1.612,1.136,0.171,0.618,-0.979933431,-2.821933431,0.056150379,0
15,native,child,dependent,1,0.5,-0.5,0.5,-1.76,0.785,0.536,-0.084,-1.612,1.136,0.171,0.618,-0.979933431,-2.821933431,0.056150379,0
15,native,child,dependent,1,0.5,-0.5,0.5,-1.76,0.785,0.536,-0.084,-1.612,1.136,0.171,0.618,-0.979933431,-2.821933431,0.056150379,0
15,native,child,dependent,1,0.5,-0.5,0.5,-1.76,0.785,0.536,-0.084,-1.612,1.136,0.171,0.618,-0.979933431,-2.821933431,0.056150379,0
15,native,child,independent,1,0.5,-0.5,-0.5,-1.76,0.785,0.536,-0.084,-1.612,1.136,0.171,0.618,-0.979933431,-2.100933431,0.10900613,0
15,native,child,independent,1,0.5,-0.5,-0.5,-1.76,0.785,0.536,-0.084,-1.612,1.136,0.171,0.618,-0.979933431,-2.100933431,0.10900613,0
15,native,child,independent,1,0.5,-0.5,-0.5,-1.76,0.785,0.536,-0.084,-1.612,1.136,0.171,0.618,-0.979933431,-2.100933431,0.10900613,0
15,native,child,independent,1,0.5,-0.5,-0.5,-1.76,0.785,0.536,-0.084,-1.612,1.136,0.171,0.618,-0.979933431,-2.100933431,0.10900613,0
15,native,child,independent,1,0.5,-0.5,-0.5,-1.76,0.785,0.536,-0.084,-1.612,1.136,0.171,0.618,-0.979933431,-2.100933431,0.10900613,0
16,native,child,dependent,1,0.5,-0.5,0.5,-1.76,0.785,0.536,-0.084,-1.612,1.136,0.171,0.618,1.850385016,0.008385016,0.502096242,0
16,native,child,dependent,1,0.5,-0.5,0.5,-1.76,0.785,0.536,-0.084,-1.612,1.136,0.171,0.618,1.850385016,0.008385016,0.502096242,0
16,native,child,dependent,1,0.5,-0.5,0.5,-1.76,0.785,0.536,-0.084,-1.612,1.136,0.171,0.618,1.850385016,0.008385016,0.502096242,0
16,native,child,dependent,1,0.5,-0.5,0.5,-1.76,0.785,0.536,-0.084,-1.612,1.136,0.171,0.618,1.850385016,0.008385016,0.502096242,1
16,native,child,dependent,1,0.5,-0.5,0.5,-1.76,0.785,0.536,-0.084,-1.612,1.136,0.171,0.618,1.850385016,0.008385016,0.502096242,0
16,native,child,dependent,1,0.5,-0.5,0.5,-1.76,0.785,0.536,-0.084,-1.612,1.136,0.171,0.618,1.850385016,0.008385016,0.502096242,1
16,native,child,dependent,1,0.5,-0.5,0.5,-1.76,0.785,0.536,-0.084,-1.612,1.136,0.171,0.618,1.850385016,0.008385016,0.502096242,0
16,native,child,dependent,1,0.5,-0.5,0.5,-1.76,0.785,0.536,-0.084,-1.612,1.136,0.171,0.618,1.850385016,0.008385016,0.502096242,0
16,native,child,dependent,1,0.5,-0.5,0.5,-1.76,0.785,0.536,-0.084,-1.612,1.136,0.171,0.618,1.850385016,0.008385016,0.502096242,0
16,native,child,independent,1,0.5,-0.5,-0.5,-1.76,0.785,0.536,-0.084,-1.612,1.136,0.171,0.618,1.850385016,0.729385016,0.674670304,1
16,native,child,independent,1,0.5,-0.5,-0.5,-1.76,0.785,0.536,-0.084,-1.612,1.136,0.171,0.618,1.850385016,0.729385016,0.674670304,1
16,native,child,independent,1,0.5,-0.5,-0.5,-1.76,0.785,0.536,-0.084,-1.612,1.136,0.171,0.618,1.850385016,0.729385016,0.674670304,1
16,native,child,independent,1,0.5,-0.5,-0.5,-1.76,0.785,0.536,-0.084,-1.612,1.136,0.171,0.618,1.850385016,0.729385016,0.674670304,0
16,native,child,independent,1,0.5,-0.5,-0.5,-1.76,0.785,0.536,-0.084,-1.612,1.136,0.171,0.618,1.850385016,0.729385016,0.674670304,1
17,native,child,dependent,1,0.5,-0.5,0.5,-1.76,0.785,0.536,-0.084,-1.612,1.136,0.171,0.618,-2.29594279,-4.13794279,0.015705058,0
17,native,child,dependent,1,0.5,-0.5,0.5,-1.76,0.785,0.536,-0.084,-1.612,1.136,0.171,0.618,-2.29594279,-4.13794279,0.015705058,0
17,native,child,dependent,1,0.5,-0.5,0.5,-1.76,0.785,0.536,-0.084,-1.612,1.136,0.171,0.618,-2.29594279,-4.13794279,0.015705058,1
17,native,child,dependent,1,0.5,-0.5,0.5,-1.76,0.785,0.536,-0.084,-1.612,1.136,0.171,0.618,-2.29594279,-4.13794279,0.015705058,0
17,native,child,dependent,1,0.5,-0.5,0.5,-1.76,0.785,0.536,-0.084,-1.612,1.136,0.171,0.618,-2.29594279,-4.13794279,0.015705058,0
17,native,child,dependent,1,0.5,-0.5,0.5,-1.76,0.785,0.536,-0.084,-1.612,1.136,0.171,0.618,-2.29594279,-4.13794279,0.015705058,0
17,native,child,dependent,1,0.5,-0.5,0.5,-1.76,0.785,0.536,-0.084,-1.612,1.136,0.171,0.618,-2.29594279,-4.13794279,0.015705058,0
17,native,child,dependent,1,0.5,-0.5,0.5,-1.76,0.785,0.536,-0.084,-1.612,1.136,0.171,0.618,-2.29594279,-4.13794279,0.015705058,0
17,native,child,independent,1,0.5,-0.5,-0.5,-1.76,0.785,0.536,-0.084,-1.612,1.136,0.171,0.618,-2.29594279,-3.41694279,0.031770136,0
17,native,child,independent,1,0.5,-0.5,-0.5,-1.76,0.785,0.536,-0.084,-1.612,1.136,0.171,0.618,-2.29594279,-3.41694279,0.031770136,0
17,native,child,independent,1,0.5,-0.5,-0.5,-1.76,0.785,0.536,-0.084,-1.612,1.136,0.171,0.618,-2.29594279,-3.41694279,0.031770136,0
17,native,child,independent,1,0.5,-0.5,-0.5,-1.76,0.785,0.536,-0.084,-1.612,1.136,0.171,0.618,-2.29594279,-3.41694279,0.031770136,0
17,native,child,independent,1,0.5,-0.5,-0.5,-1.76,0.785,0.536,-0.084,-1.612,1.136,0.171,0.618,-2.29594279,-3.41694279,0.031770136,0
17,native,child,independent,1,0.5,-0.5,-0.5,-1.76,0.785,0.536,-0.084,-1.612,1.136,0.171,0.618,-2.29594279,-3.41694279,0.031770136,0
18,native,child,dependent,1,0.5,-0.5,0.5,-1.76,0.785,0.536,-0.084,-1.612,1.136,0.171,0.618,0.505421052,-1.336578948,0.208073212,0
18,native,child,dependent,1,0.5,-0.5,0.5,-1.76,0.785,0.536,-0.084,-1.612,1.136,0.171,0.618,0.505421052,-1.336578948,0.208073212,0
18,native,child,dependent,1,0.5,-0.5,0.5,-1.76,0.785,0.536,-0.084,-1.612,1.136,0.171,0.618,0.505421052,-1.336578948,0.208073212,0
18,native,child,dependent,1,0.5,-0.5,0.5,-1.76,0.785,0.536,-0.084,-1.612,1.136,0.171,0.618,0.505421052,-1.336578948,0.208073212,0
18,native,child,dependent,1,0.5,-0.5,0.5,-1.76,0.785,0.536,-0.084,-1.612,1.136,0.171,0.618,0.505421052,-1.336578948,0.208073212,0
18,native,child,dependent,1,0.5,-0.5,0.5,-1.76,0.785,0.536,-0.084,-1.612,1.136,0.171,0.618,0.505421052,-1.336578948,0.208073212,1
18,native,child,dependent,1,0.5,-0.5,0.5,-1.76,0.785,0.536,-0.084,-1.612,1.136,0.171,0.618,0.505421052,-1.336578948,0.208073212,1
18,native,child,dependent,1,0.5,-0.5,0.5,-1.76,0.785,0.536,-0.084,-1.612,1.136,0.171,0.618,0.505421052,-1.336578948,0.208073212,0
18,native,child,independent,1,0.5,-0.5,-0.5,-1.76,0.785,0.536,-0.084,-1.612,1.136,0.171,0.618,0.505421052,-0.615578948,0.350787617,0
18,native,child,independent,1,0.5,-0.5,-0.5,-1.76,0.785,0.536,-0.084,-1.612,1.136,0.171,0.618,0.505421052,-0.615578948,0.350787617,0
18,native,child,independent,1,0.5,-0.5,-0.5,-1.76,0.785,0.536,-0.084,-1.612,1.136,0.171,0.618,0.505421052,-0.615578948,0.350787617,0
18,native,child,independent,1,0.5,-0.5,-0.5,-1.76,0.785,0.536,-0.084,-1.612,1.136,0.171,0.618,0.505421052,-0.615578948,0.350787617,1
18,native,child,independent,1,0.5,-0.5,-0.5,-1.76,0.785,0.536,-0.084,-1.612,1.136,0.171,0.618,0.505421052,-0.615578948,0.350787617,1
18,native,child,independent,1,0.5,-0.5,-0.5,-1.76,0.785,0.536,-0.084,-1.612,1.136,0.171,0.618,0.505421052,-0.615578948,0.350787617,0
19,native,child,dependent,1,0.5,-0.5,0.5,-1.76,0.785,0.536,-0.084,-1.612,1.136,0.171,0.618,0.337002219,-1.504997781,0.181681305,0
19,native,child,dependent,1,0.5,-0.5,0.5,-1.76,0.785,0.536,-0.084,-1.612,1.136,0.171,0.618,0.337002219,-1.504997781,0.181681305,1
19,native,child,dependent,1,0.5,-0.5,0.5,-1.76,0.785,0.536,-0.084,-1.612,1.136,0.171,0.618,0.337002219,-1.504997781,0.181681305,0
19,native,child,dependent,1,0.5,-0.5,0.5,-1.76,0.785,0.536,-0.084,-1.612,1.136,0.171,0.618,0.337002219,-1.504997781,0.181681305,0
19,native,child,dependent,1,0.5,-0.5,0.5,-1.76,0.785,0.536,-0.084,-1.612,1.136,0.171,0.618,0.337002219,-1.504997781,0.181681305,0
19,native,child,dependent,1,0.5,-0.5,0.5,-1.76,0.785,0.536,-0.084,-1.612,1.136,0.171,0.618,0.337002219,-1.504997781,0.181681305,0
19,native,child,dependent,1,0.5,-0.5,0.5,-1.76,0.785,0.536,-0.084,-1.612,1.136,0.171,0.618,0.337002219,-1.504997781,0.181681305,0
19,native,child,dependent,1,0.5,-0.5,0.5,-1.76,0.785,0.536,-0.084,-1.612,1.136,0.171,0.618,0.337002219,-1.504997781,0.181681305,0
19,native,child,dependent,1,0.5,-0.5,0.5,-1.76,0.785,0.536,-0.084,-1.612,1.136,0.171,0.618,0.337002219,-1.504997781,0.181681305,0
19,native,child,independent,1,0.5,-0.5,-0.5,-1.76,0.785,0.536,-0.084,-1.612,1.136,0.171,0.618,0.337002219,-0.783997781,0.313458913,0
19,native,child,independent,1,0.5,-0.5,-0.5,-1.76,0.785,0.536,-0.084,-1.612,1.136,0.171,0.618,0.337002219,-0.783997781,0.313458913,1
19,native,child,independent,1,0.5,-0.5,-0.5,-1.76,0.785,0.536,-0.084,-1.612,1.136,0.171,0.618,0.337002219,-0.783997781,0.313458913,1
19,native,child,independent,1,0.5,-0.5,-0.5,-1.76,0.785,0.536,-0.084,-1.612,1.136,0.171,0.618,0.337002219,-0.783997781,0.313458913,0
19,native,child,independent,1,0.5,-0.5,-0.5,-1.76,0.785,0.536,-0.084,-1.612,1.136,0.171,0.618,0.337002219,-0.783997781,0.313458913,0
19,native,child,independent,1,0.5,-0.5,-0.5,-1.76,0.785,0.536,-0.084,-1.612,1.136,0.171,0.618,0.337002219,-0.783997781,0.313458913,0
20,native,child,dependent,1,0.5,-0.5,0.5,-1.76,0.785,0.536,-0.084,-1.612,1.136,0.171,0.618,-0.111109755,-1.953109755,0.124214667,0
20,native,child,dependent,1,0.5,-0.5,0.5,-1.76,0.785,0.536,-0.084,-1.612,1.136,0.171,0.618,-0.111109755,-1.953109755,0.124214667,0
20,native,child,dependent,1,0.5,-0.5,0.5,-1.76,0.785,0.536,-0.084,-1.612,1.136,0.171,0.618,-0.111109755,-1.953109755,0.124214667,0
20,native,child,dependent,1,0.5,-0.5,0.5,-1.76,0.785,0.536,-0.084,-1.612,1.136,0.171,0.618,-0.111109755,-1.953109755,0.124214667,0
20,native,child,dependent,1,0.5,-0.5,0.5,-1.76,0.785,0.536,-0.084,-1.612,1.136,0.171,0.618,-0.111109755,-1.953109755,0.124214667,0
20,native,child,dependent,1,0.5,-0.5,0.5,-1.76,0.785,0.536,-0.084,-1.612,1.136,0.171,0.618,-0.111109755,-1.953109755,0.124214667,0
20,native,child,dependent,1,0.5,-0.5,0.5,-1.76,0.785,0.536,-0.084,-1.612,1.136,0.171,0.618,-0.111109755,-1.953109755,0.124214667,0
20,native,child,dependent,1,0.5,-0.5,0.5,-1.76,0.785,0.536,-0.084,-1.612,1.136,0.171,0.618,-0.111109755,-1.953109755,0.124214667,0
20,native,child,independent,1,0.5,-0.5,-0.5,-1.76,0.785,0.536,-0.084,-1.612,1.136,0.171,0.618,-0.111109755,-1.232109755,0.225812383,1
20,native,child,independent,1,0.5,-0.5,-0.5,-1.76,0.785,0.536,-0.084,-1.612,1.136,0.171,0.618,-0.111109755,-1.232109755,0.225812383,0
20,native,child,independent,1,0.5,-0.5,-0.5,-1.76,0.785,0.536,-0.084,-1.612,1.136,0.171,0.618,-0.111109755,-1.232109755,0.225812383,0
20,native,child,independent,1,0.5,-0.5,-0.5,-1.76,0.785,0.536,-0.084,-1.612,1.136,0.171,0.618,-0.111109755,-1.232109755,0.225812383,0
20,native,child,independent,1,0.5,-0.5,-0.5,-1.76,0.785,0.536,-0.084,-1.612,1.136,0.171,0.618,-0.111109755,-1.232109755,0.225812383,0
21,native,child,dependent,1,0.5,-0.5,0.5,-1.76,0.785,0.536,-0.084,-1.612,1.136,0.171,0.618,0.085485434,-1.756514566,0.147227403,1
21,native,child,dependent,1,0.5,-0.5,0.5,-1.76,0.785,0.536,-0.084,-1.612,1.136,0.171,0.618,0.085485434,-1.756514566,0.147227403,0
21,native,child,dependent,1,0.5,-0.5,0.5,-1.76,0.785,0.536,-0.084,-1.612,1.136,0.171,0.618,0.085485434,-1.756514566,0.147227403,0
21,native,child,dependent,1,0.5,-0.5,0.5,-1.76,0.785,0.536,-0.084,-1.612,1.136,0.171,0.618,0.085485434,-1.756514566,0.147227403,0
21,native,child,dependent,1,0.5,-0.5,0.5,-1.76,0.785,0.536,-0.084,-1.612,1.136,0.171,0.618,0.085485434,-1.756514566,0.147227403,0
21,native,child,dependent,1,0.5,-0.5,0.5,-1.76,0.785,0.536,-0.084,-1.612,1.136,0.171,0.618,0.085485434,-1.756514566,0.147227403,1
21,native,child,dependent,1,0.5,-0.5,0.5,-1.76,0.785,0.536,-0.084,-1.612,1.136,0.171,0.618,0.085485434,-1.756514566,0.147227403,1
21,native,child,dependent,1,0.5,-0.5,0.5,-1.76,0.785,0.536,-0.084,-1.612,1.136,0.171,0.618,0.085485434,-1.756514566,0.147227403,0
21,native,child,dependent,1,0.5,-0.5,0.5,-1.76,0.785,0.536,-0.084,-1.612,1.136,0.171,0.618,0.085485434,-1.756514566,0.147227403,0
21,native,child,independent,1,0.5,-0.5,-0.5,-1.76,0.785,0.536,-0.084,-1.612,1.136,0.171,0.618,0.085485434,-1.035514566,0.262016388,0
21,native,child,independent,1,0.5,-0.5,-0.5,-1.76,0.785,0.536,-0.084,-1.612,1.136,0.171,0.618,0.085485434,-1.035514566,0.262016388,0
21,native,child,independent,1,0.5,-0.5,-0.5,-1.76,0.785,0.536,-0.084,-1.612,1.136,0.171,0.618,0.085485434,-1.035514566,0.262016388,0
21,native,child,independent,1,0.5,-0.5,-0.5,-1.76,0.785,0.536,-0.084,-1.612,1.136,0.171,0.618,0.085485434,-1.035514566,0.262016388,0
21,native,child,independent,1,0.5,-0.5,-0.5,-1.76,0.785,0.536,-0.084,-1.612,1.136,0.171,0.618,0.085485434,-1.035514566,0.262016388,0
21,native,child,independent,1,0.5,-0.5,-0.5,-1.76,0.785,0.536,-0.084,-1.612,1.136,0.171,0.618,0.085485434,-1.035514566,0.262016388,0
22,native,child,dependent,1,0.5,-0.5,0.5,-1.76,0.785,0.536,-0.084,-1.612,1.136,0.171,0.618,-0.009686066,-1.851686066,0.135675055,0
22,native,child,dependent,1,0.5,-0.5,0.5,-1.76,0.785,0.536,-0.084,-1.612,1.136,0.171,0.618,-0.009686066,-1.851686066,0.135675055,0
22,native,child,dependent,1,0.5,-0.5,0.5,-1.76,0.785,0.536,-0.084,-1.612,1.136,0.171,0.618,-0.009686066,-1.851686066,0.135675055,0
22,native,child,dependent,1,0.5,-0.5,0.5,-1.76,0.785,0.536,-0.084,-1.612,1.136,0.171,0.618,-0.009686066,-1.851686066,0.135675055,1
22,native,child,dependent,1,0.5,-0.5,0.5,-1.76,0.785,0.536,-0.084,-1.612,1.136,0.171,0.618,-0.009686066,-1.851686066,0.135675055,0
22,native,child,dependent,1,0.5,-0.5,0.5,-1.76,0.785,0.536,-0.084,-1.612,1.136,0.171,0.618,-0.009686066,-1.851686066,0.135675055,0
22,native,child,dependent,1,0.5,-0.5,0.5,-1.76,0.785,0.536,-0.084,-1.612,1.136,0.171,0.618,-0.009686066,-1.851686066,0.135675055,0
22,native,child,dependent,1,0.5,-0.5,0.5,-1.76,0.785,0.536,-0.084,-1.612,1.136,0.171,0.618,-0.009686066,-1.851686066,0.135675055,1
22,native,child,dependent,1,0.5,-0.5,0.5,-1.76,0.785,0.536,-0.084,-1.612,1.136,0.171,0.618,-0.009686066,-1.851686066,0.135675055,1
22,native,child,independent,1,0.5,-0.5,-0.5,-1.76,0.785,0.536,-0.084,-1.612,1.136,0.171,0.618,-0.009686066,-1.130686066,0.244034512,1
22,native,child,independent,1,0.5,-0.5,-0.5,-1.76,0.785,0.536,-0.084,-1.612,1.136,0.171,0.618,-0.009686066,-1.130686066,0.244034512,0
22,native,child,independent,1,0.5,-0.5,-0.5,-1.76,0.785,0.536,-0.084,-1.612,1.136,0.171,0.618,-0.009686066,-1.130686066,0.244034512,0
22,native,child,independent,1,0.5,-0.5,-0.5,-1.76,0.785,0.536,-0.084,-1.612,1.136,0.171,0.618,-0.009686066,-1.130686066,0.244034512,1
22,native,child,independent,1,0.5,-0.5,-0.5,-1.76,0.785,0.536,-0.084,-1.612,1.136,0.171,0.618,-0.009686066,-1.130686066,0.244034512,0
22,native,child,independent,1,0.5,-0.5,-0.5,-1.76,0.785,0.536,-0.084,-1.612,1.136,0.171,0.618,-0.009686066,-1.130686066,0.244034512,1
23,native,child,dependent,1,0.5,-0.5,0.5,-1.76,0.785,0.536,-0.084,-1.612,1.136,0.171,0.618,1.738584522,-0.103415478,0.474169148,0
23,native,child,dependent,1,0.5,-0.5,0.5,-1.76,0.785,0.536,-0.084,-1.612,1.136,0.171,0.618,1.738584522,-0.103415478,0.474169148,0
23,native,child,dependent,1,0.5,-0.5,0.5,-1.76,0.785,0.536,-0.084,-1.612,1.136,0.171,0.618,1.738584522,-0.103415478,0.474169148,0
23,native,child,dependent,1,0.5,-0.5,0.5,-1.76,0.785,0.536,-0.084,-1.612,1.136,0.171,0.618,1.738584522,-0.103415478,0.474169148,0
23,native,child,dependent,1,0.5,-0.5,0.5,-1.76,0.785,0.536,-0.084,-1.612,1.136,0.171,0.618,1.738584522,-0.103415478,0.474169148,0
23,native,child,dependent,1,0.5,-0.5,0.5,-1.76,0.785,0.536,-0.084,-1.612,1.136,0.171,0.618,1.738584522,-0.103415478,0.474169148,1
23,native,child,dependent,1,0.5,-0.5,0.5,-1.76,0.785,0.536,-0.084,-1.612,1.136,0.171,0.618,1.738584522,-0.103415478,0.474169148,0
23,native,child,dependent,1,0.5,-0.5,0.5,-1.76,0.785,0.536,-0.084,-1.612,1.136,0.171,0.618,1.738584522,-0.103415478,0.474169148,0
23,native,child,dependent,1,0.5,-0.5,0.5,-1.76,0.785,0.536,-0.084,-1.612,1.136,0.171,0.618,1.738584522,-0.103415478,0.474169148,1
23,native,child,independent,1,0.5,-0.5,-0.5,-1.76,0.785,0.536,-0.084,-1.612,1.136,0.171,0.618,1.738584522,0.617584522,0.649668987,0
23,native,child,independent,1,0.5,-0.5,-0.5,-1.76,0.785,0.536,-0.084,-1.612,1.136,0.171,0.618,1.738584522,0.617584522,0.649668987,0
23,native,child,independent,1,0.5,-0.5,-0.5,-1.76,0.785,0.536,-0.084,-1.612,1.136,0.171,0.618,1.738584522,0.617584522,0.649668987,1
23,native,child,independent,1,0.5,-0.5,-0.5,-1.76,0.785,0.536,-0.084,-1.612,1.136,0.171,0.618,1.738584522,0.617584522,0.649668987,1
23,native,child,independent,1,0.5,-0.5,-0.5,-1.76,0.785,0.536,-0.084,-1.612,1.136,0.171,0.618,1.738584522,0.617584522,0.649668987,1
23,native,child,independent,1,0.5,-0.5,-0.5,-1.76,0.785,0.536,-0.084,-1.612,1.136,0.171,0.618,1.738584522,0.617584522,0.649668987,0
24,late,adult,dependent,1,-0.5,0.5,0.5,-1.76,0.785,0.536,-0.084,-1.612,1.136,0.171,0.618,-0.070441895,-1.180941895,0.234882883,0
24,late,adult,dependent,1,-0.5,0.5,0.5,-1.76,0.785,0.536,-0.084,-1.612,1.136,0.171,0.618,-0.070441895,-1.180941895,0.234882883,1
24,late,adult,dependent,1,-0.5,0.5,0.5,-1.76,0.785,0.536,-0.084,-1.612,1.136,0.171,0.618,-0.070441895,-1.180941895,0.234882883,1
24,late,adult,dependent,1,-0.5,0.5,0.5,-1.76,0.785,0.536,-0.084,-1.612,1.136,0.171,0.618,-0.070441895,-1.180941895,0.234882883,0
24,late,adult,dependent,1,-0.5,0.5,0.5,-1.76,0.785,0.536,-0.084,-1.612,1.136,0.171,0.618,-0.070441895,-1.180941895,0.234882883,0
24,late,adult,dependent,1,-0.5,0.5,0.5,-1.76,0.785,0.536,-0.084,-1.612,1.136,0.171,0.618,-0.070441895,-1.180941895,0.234882883,0
24,late,adult,dependent,1,-0.5,0.5,0.5,-1.76,0.785,0.536,-0.084,-1.612,1.136,0.171,0.618,-0.070441895,-1.180941895,0.234882883,0
24,late,adult,dependent,1,-0.5,0.5,0.5,-1.76,0.785,0.536,-0.084,-1.612,1.136,0.171,0.618,-0.070441895,-1.180941895,0.234882883,0
24,late,adult,dependent,1,-0.5,0.5,0.5,-1.76,0.785,0.536,-0.084,-1.612,1.136,0.171,0.618,-0.070441895,-1.180941895,0.234882883,0
24,late,adult,independent,1,-0.5,0.5,-0.5,-1.76,0.785,0.536,-0.084,-1.612,1.136,0.171,0.618,-0.070441895,-1.424941895,0.193888019,1
24,late,adult,independent,1,-0.5,0.5,-0.5,-1.76,0.785,0.536,-0.084,-1.612,1.136,0.171,0.618,-0.070441895,-1.424941895,0.193888019,0
24,late,adult,independent,1,-0.5,0.5,-0.5,-1.76,0.785,0.536,-0.084,-1.612,1.136,0.171,0.618,-0.070441895,-1.424941895,0.193888019,1
24,late,adult,independent,1,-0.5,0.5,-0.5,-1.76,0.785,0.536,-0.084,-1.612,1.136,0.171,0.618,-0.070441895,-1.424941895,0.193888019,0
24,late,adult,independent,1,-0.5,0.5,-0.5,-1.76,0.785,0.536,-0.084,-1.612,1.136,0.171,0.618,-0.070441895,-1.424941895,0.193888019,0
24,late,adult,independent,1,-0.5,0.5,-0.5,-1.76,0.785,0.536,-0.084,-1.612,1.136,0.171,0.618,-0.070441895,-1.424941895,0.193888019,0
25,late,adult,dependent,1,-0.5,0.5,0.5,-1.76,0.785,0.536,-0.084,-1.612,1.136,0.171,0.618,1.917128467,0.806628467,0.691390586,1
25,late,adult,dependent,1,-0.5,0.5,0.5,-1.76,0.785,0.536,-0.084,-1.612,1.136,0.171,0.618,1.917128467,0.806628467,0.691390586,1
25,late,adult,dependent,1,-0.5,0.5,0.5,-1.76,0.785,0.536,-0.084,-1.612,1.136,0.171,0.618,1.917128467,0.806628467,0.691390586,1
25,late,adult,dependent,1,-0.5,0.5,0.5,-1.76,0.785,0.536,-0.084,-1.612,1.136,0.171,0.618,1.917128467,0.806628467,0.691390586,1
25,late,adult,dependent,1,-0.5,0.5,0.5,-1.76,0.785,0.536,-0.084,-1.612,1.136,0.171,0.618,1.917128467,0.806628467,0.691390586,1
25,late,adult,dependent,1,-0.5,0.5,0.5,-1.76,0.785,0.536,-0.084,-1.612,1.136,0.171,0.618,1.917128467,0.806628467,0.691390586,1
25,late,adult,dependent,1,-0.5,0.5,0.5,-1.76,0.785,0.536,-0.084,-1.612,1.136,0.171,0.618,1.917128467,0.806628467,0.691390586,1
25,late,adult,dependent,1,-0.5,0.5,0.5,-1.76,0.785,0.536,-0.084,-1.612,1.136,0.171,0.618,1.917128467,0.806628467,0.691390586,1
25,late,adult,dependent,1,-0.5,0.5,0.5,-1.76,0.785,0.536,-0.084,-1.612,1.136,0.171,0.618,1.917128467,0.806628467,0.691390586,1
25,late,adult,independent,1,-0.5,0.5,-0.5,-1.76,0.785,0.536,-0.084,-1.612,1.136,0.171,0.618,1.917128467,0.562628467,0.637060498,1
25,late,adult,independent,1,-0.5,0.5,-0.5,-1.76,0.785,0.536,-0.084,-1.612,1.136,0.171,0.618,1.917128467,0.562628467,0.637060498,0
25,late,adult,independent,1,-0.5,0.5,-0.5,-1.76,0.785,0.536,-0.084,-1.612,1.136,0.171,0.618,1.917128467,0.562628467,0.637060498,1
25,late,adult,independent,1,-0.5,0.5,-0.5,-1.76,0.785,0.536,-0.084,-1.612,1.136,0.171,0.618,1.917128467,0.562628467,0.637060498,1
25,late,adult,independent,1,-0.5,0.5,-0.5,-1.76,0.785,0.536,-0.084,-1.612,1.136,0.171,0.618,1.917128467,0.562628467,0.637060498,1
25,late,adult,independent,1,-0.5,0.5,-0.5,-1.76,0.785,0.536,-0.084,-1.612,1.136,0.171,0.618,1.917128467,0.562628467,0.637060498,1
26,late,adult,dependent,1,-0.5,0.5,0.5,-1.76,0.785,0.536,-0.084,-1.612,1.136,0.171,0.618,0.678196548,-0.432303452,0.393576423,0
26,late,adult,dependent,1,-0.5,0.5,0.5,-1.76,0.785,0.536,-0.084,-1.612,1.136,0.171,0.618,0.678196548,-0.432303452,0.393576423,0
26,late,adult,dependent,1,-0.5,0.5,0.5,-1.76,0.785,0.536,-0.084,-1.612,1.136,0.171,0.618,0.678196548,-0.432303452,0.393576423,0
26,late,adult,dependent,1,-0.5,0.5,0.5,-1.76,0.785,0.536,-0.084,-1.612,1.136,0.171,0.618,0.678196548,-0.432303452,0.393576423,1
26,late,adult,dependent,1,-0.5,0.5,0.5,-1.76,0.785,0.536,-0.084,-1.612,1.136,0.171,0.618,0.678196548,-0.432303452,0.393576423,0
26,late,adult,dependent,1,-0.5,0.5,0.5,-1.76,0.785,0.536,-0.084,-1.612,1.136,0.171,0.618,0.678196548,-0.432303452,0.393576423,0
26,late,adult,dependent,1,-0.5,0.5,0.5,-1.76,0.785,0.536,-0.084,-1.612,1.136,0.171,0.618,0.678196548,-0.432303452,0.393576423,0
26,late,adult,dependent,1,-0.5,0.5,0.5,-1.76,0.785,0.536,-0.084,-1.612,1.136,0.171,0.618,0.678196548,-0.432303452,0.393576423,1
26,late,adult,independent,1,-0.5,0.5,-0.5,-1.76,0.785,0.536,-0.084,-1.612,1.136,0.171,0.618,0.678196548,-0.676303452,0.337086833,1
26,late,adult,independent,1,-0.5,0.5,-0.5,-1.76,0.785,0.536,-0.084,-1.612,1.136,0.171,0.618,0.678196548,-0.676303452,0.337086833,0
26,late,adult,independent,1,-0.5,0.5,-0.5,-1.76,0.785,0.536,-0.084,-1.612,1.136,0.171,0.618,0.678196548,-0.676303452,0.337086833,1
26,late,adult,independent,1,-0.5,0.5,-0.5,-1.76,0.785,0.536,-0.084,-1.612,1.136,0.171,0.618,0.678196548,-0.676303452,0.337086833,0
26,late,adult,independent,1,-0.5,0.5,-0.5,-1.76,0.785,0.536,-0.084,-1.612,1.136,0.171,0.618,0.678196548,-0.676303452,0.337086833,0
26,late,adult,independent,1,-0.5,0.5,-0.5,-1.76,0.785,0.536,-0.084,-1.612,1.136,0.171,0.618,0.678196548,-0.676303452,0.337086833,0
27,late,adult,dependent,1,-0.5,0.5,0.5,-1.76,0.785,0.536,-0.084,-1.612,1.136,0.171,0.618,-0.335468353,-1.445968353,0.190622816,0
27,late,adult,dependent,1,-0.5,0.5,0.5,-1.76,0.785,0.536,-0.084,-1.612,1.136,0.171,0.618,-0.335468353,-1.445968353,0.190622816,0
27,late,adult,dependent,1,-0.5,0.5,0.5,-1.76,0.785,0.536,-0.084,-1.612,1.136,0.171,0.618,-0.335468353,-1.445968353,0.190622816,1
27,late,adult,dependent,1,-0.5,0.5,0.5,-1.76,0.785,0.536,-0.084,-1.612,1.136,0.171,0.618,-0.335468353,-1.445968353,0.190622816,1
27,late,adult,dependent,1,-0.5,0.5,0.5,-1.76,0.785,0.536,-0.084,-1.612,1.136,0.171,0.618,-0.335468353,-1.445968353,0.190622816,0
27,late,adult,dependent,1,-0.5,0.5,0.5,-1.76,0.785,0.536,-0.084,-1.612,1.136,0.171,0.618,-0.335468353,-1.445968353,0.190622816,0
27,late,adult,dependent,1,-0.5,0.5,0.5,-1.76,0.785,0.536,-0.084,-1.612,1.136,0.171,0.618,-0.335468353,-1.445968353,0.190622816,1
27,late,adult,dependent,1,-0.5,0.5,0.5,-1.76,0.785,0.536,-0.084,-1.612,1.136,0.171,0.618,-0.335468353,-1.445968353,0.190622816,0
27,late,adult,dependent,1,-0.5,0.5,0.5,-1.76,0.785,0.536,-0.084,-1.612,1.136,0.171,0.618,-0.335468353,-1.445968353,0.190622816,0
27,late,adult,independent,1,-0.5,0.5,-0.5,-1.76,0.785,0.536,-0.084,-1.612,1.136,0.171,0.618,-0.335468353,-1.689968353,0.155780002,0
27,late,adult,independent,1,-0.5,0.5,-0.5,-1.76,0.785,0.536,-0.084,-1.612,1.136,0.171,0.618,-0.335468353,-1.689968353,0.155780002,0
27,late,adult,independent,1,-0.5,0.5,-0.5,-1.76,0.785,0.536,-0.084,-1.612,1.136,0.171,0.618,-0.335468353,-1.689968353,0.155780002,0
27,late,adult,independent,1,-0.5,0.5,-0.5,-1.76,0.785,0.536,-0.084,-1.612,1.136,0.171,0.618,-0.335468353,-1.689968353,0.155780002,0
27,late,adult,independent,1,-0.5,0.5,-0.5,-1.76,0.785,0.536,-0.084,-1.612,1.136,0.171,0.618,-0.335468353,-1.689968353,0.155780002,0
28,late,adult,dependent,1,-0.5,0.5,0.5,-1.76,0.785,0.536,-0.084,-1.612,1.136,0.171,0.618,1.132169762,0.021669762,0.505417229,1
28,late,adult,dependent,1,-0.5,0.5,0.5,-1.76,0.785,0.536,-0.084,-1.612,1.136,0.171,0.618,1.132169762,0.021669762,0.505417229,1
28,late,adult,dependent,1,-0.5,0.5,0.5,-1.76,0.785,0.536,-0.084,-1.612,1.136,0.171,0.618,1.132169762,0.021669762,0.505417229,0
28,late,adult,dependent,1,-0.5,0.5,0.5,-1.76,0.785,0.536,-0.084,-1.612,1.136,0.171,0.618,1.132169762,0.021669762,0.505417229,0
28,late,adult,dependent,1,-0.5,0.5,0.5,-1.76,0.785,0.536,-0.084,-1.612,1.136,0.171,0.618,1.132169762,0.021669762,0.505417229,0
28,late,adult,dependent,1,-0.5,0.5,0.5,-1.76,0.785,0.536,-0.084,-1.612,1.136,0.171,0.618,1.132169762,0.021669762,0.505417229,1
28,late,adult,dependent,1,-0.5,0.5,0.5,-1.76,0.785,0.536,-0.084,-1.612,1.136,0.171,0.618,1.132169762,0.021669762,0.505417229,1
28,late,adult,dependent,1,-0.5,0.5,0.5,-1.76,0.785,0.536,-0.084,-1.612,1.136,0.171,0.618,1.132169762,0.021669762,0.505417229,1
28,late,adult,dependent,1,-0.5,0.5,0.5,-1.76,0.785,0.536,-0.084,-1.612,1.136,0.171,0.618,1.132169762,0.021669762,0.505417229,0
28,late,adult,independent,1,-0.5,0.5,-0.5,-1.76,0.785,0.536,-0.084,-1.612,1.136,0.171,0.618,1.132169762,-0.222330238,0.444645272,1
28,late,adult,independent,1,-0.5,0.5,-0.5,-1.76,0.785,0.536,-0.084,-1.612,1.136,0.171,0.618,1.132169762,-0.222330238,0.444645272,1
28,late,adult,independent,1,-0.5,0.5,-0.5,-1.76,0.785,0.536,-0.084,-1.612,1.136,0.171,0.618,1.132169762,-0.222330238,0.444645272,0
28,late,adult,independent,1,-0.5,0.5,-0.5,-1.76,0.785,0.536,-0.084,-1.612,1.136,0.171,0.618,1.132169762,-0.222330238,0.444645272,0
28,late,adult,independent,1,-0.5,0.5,-0.5,-1.76,0.785,0.536,-0.084,-1.612,1.136,0.171,0.618,1.132169762,-0.222330238,0.444645272,1
28,late,adult,independent,1,-0.5,0.5,-0.5,-1.76,0.785,0.536,-0.084,-1.612,1.136,0.171,0.618,1.132169762,-0.222330238,0.444645272,0
29,late,adult,dependent,1,-0.5,0.5,0.5,-1.76,0.785,0.536,-0.084,-1.612,1.136,0.171,0.618,0.423391231,-0.687108769,0.33467655,0
29,late,adult,dependent,1,-0.5,0.5,0.5,-1.76,0.785,0.536,-0.084,-1.612,1.136,0.171,0.618,0.423391231,-0.687108769,0.33467655,0
29,late,adult,dependent,1,-0.5,0.5,0.5,-1.76,0.785,0.536,-0.084,-1.612,1.136,0.171,0.618,0.423391231,-0.687108769,0.33467655,0
29,late,adult,dependent,1,-0.5,0.5,0.5,-1.76,0.785,0.536,-0.084,-1.612,1.136,0.171,0.618,0.423391231,-0.687108769,0.33467655,1
29,late,adult,dependent,1,-0.5,0.5,0.5,-1.76,0.785,0.536,-0.084,-1.612,1.136,0.171,0.618,0.423391231,-0.687108769,0.33467655,0
29,late,adult,dependent,1,-0.5,0.5,0.5,-1.76,0.785,0.536,-0.084,-1.612,1.136,0.171,0.618,0.423391231,-0.687108769,0.33467655,0
29,late,adult,dependent,1,-0.5,0.5,0.5,-1.76,0.785,0.536,-0.084,-1.612,1.136,0.171,0.618,0.423391231,-0.687108769,0.33467655,0
29,late,adult,dependent,1,-0.5,0.5,0.5,-1.76,0.785,0.536,-0.084,-1.612,1.136,0.171,0.618,0.423391231,-0.687108769,0.33467655,1
29,late,adult,dependent,1,-0.5,0.5,0.5,-1.76,0.785,0.536,-0.084,-1.612,1.136,0.171,0.618,0.423391231,-0.687108769,0.33467655,1
29,late,adult,independent,1,-0.5,0.5,-0.5,-1.76,0.785,0.536,-0.084,-1.612,1.136,0.171,0.618,0.423391231,-0.931108769,0.282699823,1
29,late,adult,independent,1,-0.5,0.5,-0.5,-1.76,0.785,0.536,-0.084,-1.612,1.136,0.171,0.618,0.423391231,-0.931108769,0.282699823,0
29,late,adult,independent,1,-0.5,0.5,-0.5,-1.76,0.785,0.536,-0.084,-1.612,1.136,0.171,0.618,0.423391231,-0.931108769,0.282699823,0
29,late,adult,independent,1,-0.5,0.5,-0.5,-1.76,0.785,0.536,-0.084,-1.612,1.136,0.171,0.618,0.423391231,-0.931108769,0.282699823,1
29,late,adult,independent,1,-0.5,0.5,-0.5,-1.76,0.785,0.536,-0.084,-1.612,1.136,0.171,0.618,0.423391231,-0.931108769,0.282699823,0
29,late,adult,independent,1,-0.5,0.5,-0.5,-1.76,0.785,0.536,-0.084,-1.612,1.136,0.171,0.618,0.423391231,-0.931108769,0.282699823,0
30,late,adult,dependent,1,-0.5,0.5,0.5,-1.76,0.785,0.536,-0.084,-1.612,1.136,0.171,0.618,0.350859887,-0.759640113,0.318724407,0
30,late,adult,dependent,1,-0.5,0.5,0.5,-1.76,0.785,0.536,-0.084,-1.612,1.136,0.171,0.618,0.350859887,-0.759640113,0.318724407,0
30,late,adult,dependent,1,-0.5,0.5,0.5,-1.76,0.785,0.536,-0.084,-1.612,1.136,0.171,0.618,0.350859887,-0.759640113,0.318724407,0
30,late,adult,dependent,1,-0.5,0.5,0.5,-1.76,0.785,0.536,-0.084,-1.612,1.136,0.171,0.618,0.350859887,-0.759640113,0.318724407,1
30,late,adult,dependent,1,-0.5,0.5,0.5,-1.76,0.785,0.536,-0.084,-1.612,1.136,0.171,0.618,0.350859887,-0.759640113,0.318724407,1
30,late,adult,dependent,1,-0.5,0.5,0.5,-1.76,0.785,0.536,-0.084,-1.612,1.136,0.171,0.618,0.350859887,-0.759640113,0.318724407,0
30,late,adult,dependent,1,-0.5,0.5,0.5,-1.76,0.785,0.536,-0.084,-1.612,1.136,0.171,0.618,0.350859887,-0.759640113,0.318724407,0
30,late,adult,dependent,1,-0.5,0.5,0.5,-1.76,0.785,0.536,-0.084,-1.612,1.136,0.171,0.618,0.350859887,-0.759640113,0.318724407,1
30,late,adult,independent,1,-0.5,0.5,-0.5,-1.76,0.785,0.536,-0.084,-1.612,1.136,0.171,0.618,0.350859887,-1.003640113,0.268226334,0
30,late,adult,independent,1,-0.5,0.5,-0.5,-1.76,0.785,0.536,-0.084,-1.612,1.136,0.171,0.618,0.350859887,-1.003640113,0.268226334,1
30,late,adult,independent,1,-0.5,0.5,-0.5,-1.76,0.785,0.536,-0.084,-1.612,1.136,0.171,0.618,0.350859887,-1.003640113,0.268226334,0
30,late,adult,independent,1,-0.5,0.5,-0.5,-1.76,0.785,0.536,-0.084,-1.612,1.136,0.171,0.618,0.350859887,-1.003640113,0.268226334,0
30,late,adult,independent,1,-0.5,0.5,-0.5,-1.76,0.785,0.536,-0.084,-1.612,1.136,0.171,0.618,0.350859887,-1.003640113,0.268226334,0
30,late,adult,independent,1,-0.5,0.5,-0.5,-1.76,0.785,0.536,-0.084,-1.612,1.136,0.171,0.618,0.350859887,-1.003640113,0.268226334,0
31,late,adult,dependent,1,-0.5,0.5,0.5,-1.76,0.785,0.536,-0.084,-1.612,1.136,0.171,0.618,-1.125245002,-2.235745002,0.096586185,0
31,late,adult,dependent,1,-0.5,0.5,0.5,-1.76,0.785,0.536,-0.084,-1.612,1.136,0.171,0.618,-1.125245002,-2.235745002,0.096586185,0
31,late,adult,dependent,1,-0.5,0.5,0.5,-1.76,0.785,0.536,-0.084,-1.612,1.136,0.171,0.618,-1.125245002,-2.235745002,0.096586185,1
31,late,adult,dependent,1,-0.5,0.5,0.5,-1.76,0.785,0.536,-0.084,-1.612,1.136,0.171,0.618,-1.125245002,-2.235745002,0.096586185,1
31,late,adult,dependent,1,-0.5,0.5,0.5,-1.76,0.785,0.536,-0.084,-1.612,1.136,0.171,0.618,-1.125245002,-2.235745002,0.096586185,0
31,late,adult,dependent,1,-0.5,0.5,0.5,-1.76,0.785,0.536,-0.084,-1.612,1.136,0.171,0.618,-1.125245002,-2.235745002,0.096586185,0
31,late,adult,dependent,1,-0.5,0.5,0.5,-1.76,0.785,0.536,-0.084,-1.612,1.136,0.171,0.618,-1.125245002,-2.235745002,0.096586185,0
31,late,adult,dependent,1,-0.5,0.5,0.5,-1.76,0.785,0.536,-0.084,-1.612,1.136,0.171,0.618,-1.125245002,-2.235745002,0.096586185,0
31,late,adult,dependent,1,-0.5,0.5,0.5,-1.76,0.785,0.536,-0.084,-1.612,1.136,0.171,0.618,-1.125245002,-2.235745002,0.096586185,1
31,late,adult,independent,1,-0.5,0.5,-0.5,-1.76,0.785,0.536,-0.084,-1.612,1.136,0.171,0.618,-1.125245002,-2.479745002,0.077290386,0
31,late,adult,independent,1,-0.5,0.5,-0.5,-1.76,0.785,0.536,-0.084,-1.612,1.136,0.171,0.618,-1.125245002,-2.479745002,0.077290386,0
31,late,adult,independent,1,-0.5,0.5,-0.5,-1.76,0.785,0.536,-0.084,-1.612,1.136,0.171,0.618,-1.125245002,-2.479745002,0.077290386,0
31,late,adult,independent,1,-0.5,0.5,-0.5,-1.76,0.785,0.536,-0.084,-1.612,1.136,0.171,0.618,-1.125245002,-2.479745002,0.077290386,0
31,late,adult,independent,1,-0.5,0.5,-0.5,-1.76,0.785,0.536,-0.084,-1.612,1.136,0.171,0.618,-1.125245002,-2.479745002,0.077290386,0
32,late,adult,dependent,1,-0.5,0.5,0.5,-1.76,0.785,0.536,-0.084,-1.612,1.136,0.171,0.618,1.460766968,0.350266968,0.586682316,0
32,late,adult,dependent,1,-0.5,0.5,0.5,-1.76,0.785,0.536,-0.084,-1.612,1.136,0.171,0.618,1.460766968,0.350266968,0.586682316,0
32,late,adult,dependent,1,-0.5,0.5,0.5,-1.76,0.785,0.536,-0.084,-1.612,1.136,0.171,0.618,1.460766968,0.350266968,0.586682316,1
32,late,adult,dependent,1,-0.5,0.5,0.5,-1.76,0.785,0.536,-0.084,-1.612,1.136,0.171,0.618,1.460766968,0.350266968,0.586682316,1
32,late,adult,dependent,1,-0.5,0.5,0.5,-1.76,0.785,0.536,-0.084,-1.612,1.136,0.171,0.618,1.460766968,0.350266968,0.586682316,1
32,late,adult,dependent,1,-0.5,0.5,0.5,-1.76,0.785,0.536,-0.084,-1.612,1.136,0.171,0.618,1.460766968,0.350266968,0.586682316,1
32,late,adult,dependent,1,-0.5,0.5,0.5,-1.76,0.785,0.536,-0.084,-1.612,1.136,0.171,0.618,1.460766968,0.350266968,0.586682316,1
32,late,adult,dependent,1,-0.5,0.5,0.5,-1.76,0.785,0.536,-0.084,-1.612,1.136,0.171,0.618,1.460766968,0.350266968,0.586682316,1
32,late,adult,dependent,1,-0.5,0.5,0.5,-1.76,0.785,0.536,-0.084,-1.612,1.136,0.171,0.618,1.460766968,0.350266968,0.586682316,0
32,late,adult,independent,1,-0.5,0.5,-0.5,-1.76,0.785,0.536,-0.084,-1.612,1.136,0.171,0.618,1.460766968,0.106266968,0.526541769,1
32,late,adult,independent,1,-0.5,0.5,-0.5,-1.76,0.785,0.536,-0.084,-1.612,1.136,0.171,0.618,1.460766968,0.106266968,0.526541769,0
32,late,adult,independent,1,-0.5,0.5,-0.5,-1.76,0.785,0.536,-0.084,-1.612,1.136,0.171,0.618,1.460766968,0.106266968,0.526541769,0
32,late,adult,independent,1,-0.5,0.5,-0.5,-1.76,0.785,0.536,-0.084,-1.612,1.136,0.171,0.618,1.460766968,0.106266968,0.526541769,1
32,late,adult,independent,1,-0.5,0.5,-0.5,-1.76,0.785,0.536,-0.084,-1.612,1.136,0.171,0.618,1.460766968,0.106266968,0.526541769,0
32,late,adult,independent,1,-0.5,0.5,-0.5,-1.76,0.785,0.536,-0.084,-1.612,1.136,0.171,0.618,1.460766968,0.106266968,0.526541769,1
33,late,adult,dependent,1,-0.5,0.5,0.5,-1.76,0.785,0.536,-0.084,-1.612,1.136,0.171,0.618,0.025708501,-1.084791499,0.252600341,0
33,late,adult,dependent,1,-0.5,0.5,0.5,-1.76,0.785,0.536,-0.084,-1.612,1.136,0.171,0.618,0.025708501,-1.084791499,0.252600341,0
33,late,adult,dependent,1,-0.5,0.5,0.5,-1.76,0.785,0.536,-0.084,-1.612,1.136,0.171,0.618,0.025708501,-1.084791499,0.252600341,0
33,late,adult,dependent,1,-0.5,0.5,0.5,-1.76,0.785,0.536,-0.084,-1.612,1.136,0.171,0.618,0.025708501,-1.084791499,0.252600341,0
33,late,adult,dependent,1,-0.5,0.5,0.5,-1.76,0.785,0.536,-0.084,-1.612,1.136,0.171,0.618,0.025708501,-1.084791499,0.252600341,0
33,late,adult,dependent,1,-0.5,0.5,0.5,-1.76,0.785,0.536,-0.084,-1.612,1.136,0.171,0.618,0.025708501,-1.084791499,0.252600341,0
33,late,adult,dependent,1,-0.5,0.5,0.5,-1.76,0.785,0.536,-0.084,-1.612,1.136,0.171,0.618,0.025708501,-1.084791499,0.252600341,0
33,late,adult,dependent,1,-0.5,0.5,0.5,-1.76,0.785,0.536,-0.084,-1.612,1.136,0.171,0.618,0.025708501,-1.084791499,0.252600341,0
33,late,adult,dependent,1,-0.5,0.5,0.5,-1.76,0.785,0.536,-0.084,-1.612,1.136,0.171,0.618,0.025708501,-1.084791499,0.252600341,0
33,late,adult,independent,1,-0.5,0.5,-0.5,-1.76,0.785,0.536,-0.084,-1.612,1.136,0.171,0.618,0.025708501,-1.328791499,0.209359336,0
33,late,adult,independent,1,-0.5,0.5,-0.5,-1.76,0.785,0.536,-0.084,-1.612,1.136,0.171,0.618,0.025708501,-1.328791499,0.209359336,0
33,late,adult,independent,1,-0.5,0.5,-0.5,-1.76,0.785,0.536,-0.084,-1.612,1.136,0.171,0.618,0.025708501,-1.328791499,0.209359336,0
33,late,adult,independent,1,-0.5,0.5,-0.5,-1.76,0.785,0.536,-0.084,-1.612,1.136,0.171,0.618,0.025708501,-1.328791499,0.209359336,0
33,late,adult,independent,1,-0.5,0.5,-0.5,-1.76,0.785,0.536,-0.084,-1.612,1.136,0.171,0.618,0.025708501,-1.328791499,0.209359336,1
33,late,adult,independent,1,-0.5,0.5,-0.5,-1.76,0.785,0.536,-0.084,-1.612,1.136,0.171,0.618,0.025708501,-1.328791499,0.209359336,0
34,late,adult,dependent,1,-0.5,0.5,0.5,-1.76,0.785,0.536,-0.084,-1.612,1.136,0.171,0.618,1.198719049,0.088219049,0.52204047,0
34,late,adult,dependent,1,-0.5,0.5,0.5,-1.76,0.785,0.536,-0.084,-1.612,1.136,0.171,0.618,1.198719049,0.088219049,0.52204047,1
34,late,adult,dependent,1,-0.5,0.5,0.5,-1.76,0.785,0.536,-0.084,-1.612,1.136,0.171,0.618,1.198719049,0.088219049,0.52204047,0
34,late,adult,dependent,1,-0.5,0.5,0.5,-1.76,0.785,0.536,-0.084,-1.612,1.136,0.171,0.618,1.198719049,0.088219049,0.52204047,0
34,late,adult,dependent,1,-0.5,0.5,0.5,-1.76,0.785,0.536,-0.084,-1.612,1.136,0.171,0.618,1.198719049,0.088219049,0.52204047,1
34,late,adult,dependent,1,-0.5,0.5,0.5,-1.76,0.785,0.536,-0.084,-1.612,1.136,0.171,0.618,1.198719049,0.088219049,0.52204047,0
34,late,adult,dependent,1,-0.5,0.5,0.5,-1.76,0.785,0.536,-0.084,-1.612,1.136,0.171,0.618,1.198719049,0.088219049,0.52204047,0
34,late,adult,dependent,1,-0.5,0.5,0.5,-1.76,0.785,0.536,-0.084,-1.612,1.136,0.171,0.618,1.198719049,0.088219049,0.52204047,0
34,late,adult,dependent,1,-0.5,0.5,0.5,-1.76,0.785,0.536,-0.084,-1.612,1.136,0.171,0.618,1.198719049,0.088219049,0.52204047,0
34,late,adult,independent,1,-0.5,0.5,-0.5,-1.76,0.785,0.536,-0.084,-1.612,1.136,0.171,0.618,1.198719049,-0.155780951,0.461133331,1
34,late,adult,independent,1,-0.5,0.5,-0.5,-1.76,0.785,0.536,-0.084,-1.612,1.136,0.171,0.618,1.198719049,-0.155780951,0.461133331,0
34,late,adult,independent,1,-0.5,0.5,-0.5,-1.76,0.785,0.536,-0.084,-1.612,1.136,0.171,0.618,1.198719049,-0.155780951,0.461133331,1
34,late,adult,independent,1,-0.5,0.5,-0.5,-1.76,0.785,0.536,-0.084,-1.612,1.136,0.171,0.618,1.198719049,-0.155780951,0.461133331,0
34,late,adult,independent,1,-0.5,0.5,-0.5,-1.76,0.785,0.536,-0.084,-1.612,1.136,0.171,0.618,1.198719049,-0.155780951,0.461133331,0
34,late,adult,independent,1,-0.5,0.5,-0.5,-1.76,0.785,0.536,-0.084,-1.612,1.136,0.171,0.618,1.198719049,-0.155780951,0.461133331,1
35,late,adult,dependent,1,-0.5,0.5,0.5,-1.76,0.785,0.536,-0.084,-1.612,1.136,0.171,0.618,0.243925771,-0.866574229,0.295967633,0
35,late,adult,dependent,1,-0.5,0.5,0.5,-1.76,0.785,0.536,-0.084,-1.612,1.136,0.171,0.618,0.243925771,-0.866574229,0.295967633,0
35,late,adult,dependent,1,-0.5,0.5,0.5,-1.76,0.785,0.536,-0.084,-1.612,1.136,0.171,0.618,0.243925771,-0.866574229,0.295967633,0
35,late,adult,dependent,1,-0.5,0.5,0.5,-1.76,0.785,0.536,-0.084,-1.612,1.136,0.171,0.618,0.243925771,-0.866574229,0.295967633,0
35,late,adult,dependent,1,-0.5,0.5,0.5,-1.76,0.785,0.536,-0.084,-1.612,1.136,0.171,0.618,0.243925771,-0.866574229,0.295967633,0
35,late,adult,dependent,1,-0.5,0.5,0.5,-1.76,0.785,0.536,-0.084,-1.612,1.136,0.171,0.618,0.243925771,-0.866574229,0.295967633,0
35,late,adult,dependent,1,-0.5,0.5,0.5,-1.76,0.785,0.536,-0.084,-1.612,1.136,0.171,0.618,0.243925771,-0.866574229,0.295967633,1
35,late,adult,dependent,1,-0.5,0.5,0.5,-1.76,0.785,0.536,-0.084,-1.612,1.136,0.171,0.618,0.243925771,-0.866574229,0.295967633,0
35,late,adult,dependent,1,-0.5,0.5,0.5,-1.76,0.785,0.536,-0.084,-1.612,1.136,0.171,0.618,0.243925771,-0.866574229,0.295967633,0
35,late,adult,independent,1,-0.5,0.5,-0.5,-1.76,0.785,0.536,-0.084,-1.612,1.136,0.171,0.618,0.243925771,-1.110574229,0.24776385,0
35,late,adult,independent,1,-0.5,0.5,-0.5,-1.76,0.785,0.536,-0.084,-1.612,1.136,0.171,0.618,0.243925771,-1.110574229,0.24776385,0
35,late,adult,independent,1,-0.5,0.5,-0.5,-1.76,0.785,0.536,-0.084,-1.612,1.136,0.171,0.618,0.243925771,-1.110574229,0.24776385,0
35,late,adult,independent,1,-0.5,0.5,-0.5,-1.76,0.785,0.536,-0.084,-1.612,1.136,0.171,0.618,0.243925771,-1.110574229,0.24776385,1
35,late,adult,independent,1,-0.5,0.5,-0.5,-1.76,0.785,0.536,-0.084,-1.612,1.136,0.171,0.618,0.243925771,-1.110574229,0.24776385,0
35,late,adult,independent,1,-0.5,0.5,-0.5,-1.76,0.785,0.536,-0.084,-1.612,1.136,0.171,0.618,0.243925771,-1.110574229,0.24776385,0
36,late,child,dependent,1,-0.5,-0.5,0.5,-1.76,0.785,0.536,-0.084,-1.612,1.136,0.171,0.618,0.089117028,-3.025882972,0.046270169,0
36,late,child,dependent,1,-0.5,-0.5,0.5,-1.76,0.785,0.536,-0.084,-1.612,1.136,0.171,0.618,0.089117028,-3.025882972,0.046270169,0
36,late,child,dependent,1,-0.5,-0.5,0.5,-1.76,0.785,0.536,-0.084,-1.612,1.136,0.171,0.618,0.089117028,-3.025882972,0.046270169,0
36,late,child,dependent,1,-0.5,-0.5,0.5,-1.76,0.785,0.536,-0.084,-1.612,1.136,0.171,0.618,0.089117028,-3.025882972,0.046270169,0
36,late,child,dependent,1,-0.5,-0.5,0.5,-1.76,0.785,0.536,-0.084,-1.612,1.136,0.171,0.618,0.089117028,-3.025882972,0.046270169,0
36,late,child,dependent,1,-0.5,-0.5,0.5,-1.76,0.785,0.536,-0.084,-1.612,1.136,0.171,0.618,0.089117028,-3.025882972,0.046270169,0
36,late,child,dependent,1,-0.5,-0.5,0.5,-1.76,0.785,0.536,-0.084,-1.612,1.136,0.171,0.618,0.089117028,-3.025882972,0.046270169,0
36,late,child,independent,1,-0.5,-0.5,-0.5,-1.76,0.785,0.536,-0.084,-1.612,1.136,0.171,0.618,0.089117028,-2.442882972,0.079960564,0
36,late,child,independent,1,-0.5,-0.5,-0.5,-1.76,0.785,0.536,-0.084,-1.612,1.136,0.171,0.618,0.089117028,-2.442882972,0.079960564,0
36,late,child,independent,1,-0.5,-0.5,-0.5,-1.76,0.785,0.536,-0.084,-1.612,1.136,0.171,0.618,0.089117028,-2.442882972,0.079960564,0
36,late,child,independent,1,-0.5,-0.5,-0.5,-1.76,0.785,0.536,-0.084,-1.612,1.136,0.171,0.618,0.089117028,-2.442882972,0.079960564,0
36,late,child,independent,1,-0.5,-0.5,-0.5,-1.76,0.785,0.536,-0.084,-1.612,1.136,0.171,0.618,0.089117028,-2.442882972,0.079960564,0
36,late,child,independent,1,-0.5,-0.5,-0.5,-1.76,0.785,0.536,-0.084,-1.612,1.136,0.171,0.618,0.089117028,-2.442882972,0.079960564,0
37,late,child,dependent,1,-0.5,-0.5,0.5,-1.76,0.785,0.536,-0.084,-1.612,1.136,0.171,0.618,0.538457311,-2.576542689,0.070663436,0
37,late,child,dependent,1,-0.5,-0.5,0.5,-1.76,0.785,0.536,-0.084,-1.612,1.136,0.171,0.618,0.538457311,-2.576542689,0.070663436,0
37,late,child,dependent,1,-0.5,-0.5,0.5,-1.76,0.785,0.536,-0.084,-1.612,1.136,0.171,0.618,0.538457311,-2.576542689,0.070663436,0
37,late,child,dependent,1,-0.5,-0.5,0.5,-1.76,0.785,0.536,-0.084,-1.612,1.136,0.171,0.618,0.538457311,-2.576542689,0.070663436,0
37,late,child,dependent,1,-0.5,-0.5,0.5,-1.76,0.785,0.536,-0.084,-1.612,1.136,0.171,0.618,0.538457311,-2.576542689,0.070663436,0
37,late,child,dependent,1,-0.5,-0.5,0.5,-1.76,0.785,0.536,-0.084,-1.612,1.136,0.171,0.618,0.538457311,-2.576542689,0.070663436,0
37,late,child,dependent,1,-0.5,-0.5,0.5,-1.76,0.785,0.536,-0.084,-1.612,1.136,0.171,0.618,0.538457311,-2.576542689,0.070663436,0
37,late,child,independent,1,-0.5,-0.5,-0.5,-1.76,0.785,0.536,-0.084,-1.612,1.136,0.171,0.618,0.538457311,-1.993542689,0.119882567,0
37,late,child,independent,1,-0.5,-0.5,-0.5,-1.76,0.785,0.536,-0.084,-1.612,1.136,0.171,0.618,0.538457311,-1.993542689,0.119882567,1
37,late,child,independent,1,-0.5,-0.5,-0.5,-1.76,0.785,0.536,-0.084,-1.612,1.136,0.171,0.618,0.538457311,-1.993542689,0.119882567,0
37,late,child,independent,1,-0.5,-0.5,-0.5,-1.76,0.785,0.536,-0.084,-1.612,1.136,0.171,0.618,0.538457311,-1.993542689,0.119882567,0
37,late,child,independent,1,-0.5,-0.5,-0.5,-1.76,0.785,0.536,-0.084,-1.612,1.136,0.171,0.618,0.538457311,-1.993542689,0.119882567,0
38,late,child,dependent,1,-0.5,-0.5,0.5,-1.76,0.785,0.536,-0.084,-1.612,1.136,0.171,0.618,-0.757511755,-3.872511755,0.020381976,0
38,late,child,dependent,1,-0.5,-0.5,0.5,-1.76,0.785,0.536,-0.084,-1.612,1.136,0.171,0.618,-0.757511755,-3.872511755,0.020381976,0
38,late,child,dependent,1,-0.5,-0.5,0.5,-1.76,0.785,0.536,-0.084,-1.612,1.136,0.171,0.618,-0.757511755,-3.872511755,0.020381976,0
38,late,child,dependent,1,-0.5,-0.5,0.5,-1.76,0.785,0.536,-0.084,-1.612,1.136,0.171,0.618,-0.757511755,-3.872511755,0.020381976,0
38,late,child,dependent,1,-0.5,-0.5,0.5,-1.76,0.785,0.536,-0.084,-1.612,1.136,0.171,0.618,-0.757511755,-3.872511755,0.020381976,0
38,late,child,dependent,1,-0.5,-0.5,0.5,-1.76,0.785,0.536,-0.084,-1.612,1.136,0.171,0.618,-0.757511755,-3.872511755,0.020381976,0
38,late,child,dependent,1,-0.5,-0.5,0.5,-1.76,0.785,0.536,-0.084,-1.612,1.136,0.171,0.618,-0.757511755,-3.872511755,0.020381976,0
38,late,child,dependent,1,-0.5,-0.5,0.5,-1.76,0.785,0.536,-0.084,-1.612,1.136,0.171,0.618,-0.757511755,-3.872511755,0.020381976,0
38,late,child,independent,1,-0.5,-0.5,-0.5,-1.76,0.785,0.536,-0.084,-1.612,1.136,0.171,0.618,-0.757511755,-3.289511755,0.035932756,0
38,late,child,independent,1,-0.5,-0.5,-0.5,-1.76,0.785,0.536,-0.084,-1.612,1.136,0.171,0.618,-0.757511755,-3.289511755,0.035932756,0
38,late,child,independent,1,-0.5,-0.5,-0.5,-1.76,0.785,0.536,-0.084,-1.612,1.136,0.171,0.618,-0.757511755,-3.289511755,0.035932756,0
38,late,child,independent,1,-0.5,-0.5,-0.5,-1.76,0.785,0.536,-0.084,-1.612,1.136,0.171,0.618,-0.757511755,-3.289511755,0.035932756,0
38,late,child,independent,1,-0.5,-0.5,-0.5,-1.76,0.785,0.536,-0.084,-1.612,1.136,0.171,0.618,-0.757511755,-3.289511755,0.035932756,0
39,late,child,dependent,1,-0.5,-0.5,0.5,-1.76,0.785,0.536,-0.084,-1.612,1.136,0.171,0.618,-0.055833253,-3.170833253,0.040278193,0
39,late,child,dependent,1,-0.5,-0.5,0.5,-1.76,0.785,0.536,-0.084,-1.612,1.136,0.171,0.618,-0.055833253,-3.170833253,0.040278193,0
39,late,child,dependent,1,-0.5,-0.5,0.5,-1.76,0.785,0.536,-0.084,-1.612,1.136,0.171,0.618,-0.055833253,-3.170833253,0.040278193,0
39,late,child,dependent,1,-0.5,-0.5,0.5,-1.76,0.785,0.536,-0.084,-1.612,1.136,0.171,0.618,-0.055833253,-3.170833253,0.040278193,0
39,late,child,dependent,1,-0.5,-0.5,0.5,-1.76,0.785,0.536,-0.084,-1.612,1.136,0.171,0.618,-0.055833253,-3.170833253,0.040278193,0
39,late,child,dependent,1,-0.5,-0.5,0.5,-1.76,0.785,0.536,-0.084,-1.612,1.136,0.171,0.618,-0.055833253,-3.170833253,0.040278193,0
39,late,child,dependent,1,-0.5,-0.5,0.5,-1.76,0.785,0.536,-0.084,-1.612,1.136,0.171,0.618,-0.055833253,-3.170833253,0.040278193,0
39,late,child,independent,1,-0.5,-0.5,-0.5,-1.76,0.785,0.536,-0.084,-1.612,1.136,0.171,0.618,-0.055833253,-2.587833253,0.069925568,0
39,late,child,independent,1,-0.5,-0.5,-0.5,-1.76,0.785,0.536,-0.084,-1.612,1.136,0.171,0.618,-0.055833253,-2.587833253,0.069925568,0
39,late,child,independent,1,-0.5,-0.5,-0.5,-1.76,0.785,0.536,-0.084,-1.612,1.136,0.171,0.618,-0.055833253,-2.587833253,0.069925568,0
39,late,child,independent,1,-0.5,-0.5,-0.5,-1.76,0.785,0.536,-0.084,-1.612,1.136,0.171,0.618,-0.055833253,-2.587833253,0.069925568,0
39,late,child,independent,1,-0.5,-0.5,-0.5,-1.76,0.785,0.536,-0.084,-1.612,1.136,0.171,0.618,-0.055833253,-2.587833253,0.069925568,0
40,late,child,dependent,1,-0.5,-0.5,0.5,-1.76,0.785,0.536,-0.084,-1.612,1.136,0.171,0.618,-0.328276318,-3.443276318,0.030970008,0
40,late,child,dependent,1,-0.5,-0.5,0.5,-1.76,0.785,0.536,-0.084,-1.612,1.136,0.171,0.618,-0.328276318,-3.443276318,0.030970008,0
40,late,child,dependent,1,-0.5,-0.5,0.5,-1.76,0.785,0.536,-0.084,-1.612,1.136,0.171,0.618,-0.328276318,-3.443276318,0.030970008,0
40,late,child,dependent,1,-0.5,-0.5,0.5,-1.76,0.785,0.536,-0.084,-1.612,1.136,0.171,0.618,-0.328276318,-3.443276318,0.030970008,0
40,late,child,dependent,1,-0.5,-0.5,0.5,-1.76,0.785,0.536,-0.084,-1.612,1.136,0.171,0.618,-0.328276318,-3.443276318,0.030970008,0
40,late,child,dependent,1,-0.5,-0.5,0.5,-1.76,0.785,0.536,-0.084,-1.612,1.136,0.171,0.618,-0.328276318,-3.443276318,0.030970008,0
40,late,child,independent,1,-0.5,-0.5,-0.5,-1.76,0.785,0.536,-0.084,-1.612,1.136,0.171,0.618,-0.328276318,-2.860276318,0.054152546,0
40,late,child,independent,1,-0.5,-0.5,-0.5,-1.76,0.785,0.536,-0.084,-1.612,1.136,0.171,0.618,-0.328276318,-2.860276318,0.054152546,0
40,late,child,independent,1,-0.5,-0.5,-0.5,-1.76,0.785,0.536,-0.084,-1.612,1.136,0.171,0.618,-0.328276318,-2.860276318,0.054152546,0
40,late,child,independent,1,-0.5,-0.5,-0.5,-1.76,0.785,0.536,-0.084,-1.612,1.136,0.171,0.618,-0.328276318,-2.860276318,0.054152546,0
40,late,child,independent,1,-0.5,-0.5,-0.5,-1.76,0.785,0.536,-0.084,-1.612,1.136,0.171,0.618,-0.328276318,-2.860276318,0.054152546,1
40,late,child,independent,1,-0.5,-0.5,-0.5,-1.76,0.785,0.536,-0.084,-1.612,1.136,0.171,0.618,-0.328276318,-2.860276318,0.054152546,0
41,late,child,dependent,1,-0.5,-0.5,0.5,-1.76,0.785,0.536,-0.084,-1.612,1.136,0.171,0.618,0.844922534,-2.270077466,0.093631638,0
41,late,child,dependent,1,-0.5,-0.5,0.5,-1.76,0.785,0.536,-0.084,-1.612,1.136,0.171,0.618,0.844922534,-2.270077466,0.093631638,0
41,late,child,dependent,1,-0.5,-0.5,0.5,-1.76,0.785,0.536,-0.084,-1.612,1.136,0.171,0.618,0.844922534,-2.270077466,0.093631638,0
41,late,child,dependent,1,-0.5,-0.5,0.5,-1.76,0.785,0.536,-0.084,-1.612,1.136,0.171,0.618,0.844922534,-2.270077466,0.093631638,0
41,late,child,dependent,1,-0.5,-0.5,0.5,-1.76,0.785,0.536,-0.084,-1.612,1.136,0.171,0.618,0.844922534,-2.270077466,0.093631638,0
41,late,child,dependent,1,-0.5,-0.5,0.5,-1.76,0.785,0.536,-0.084,-1.612,1.136,0.171,0.618,0.844922534,-2.270077466,0.093631638,1
41,late,child,dependent,1,-0.5,-0.5,0.5,-1.76,0.785,0.536,-0.084,-1.612,1.136,0.171,0.618,0.844922534,-2.270077466,0.093631638,0
41,late,child,dependent,1,-0.5,-0.5,0.5,-1.76,0.785,0.536,-0.084,-1.612,1.136,0.171,0.618,0.844922534,-2.270077466,0.093631638,0
41,late,child,independent,1,-0.5,-0.5,-0.5,-1.76,0.785,0.536,-0.084,-1.612,1.136,0.171,0.618,0.844922534,-1.687077466,0.156160569,1
41,late,child,independent,1,-0.5,-0.5,-0.5,-1.76,0.785,0.536,-0.084,-1.612,1.136,0.171,0.618,0.844922534,-1.687077466,0.156160569,0
41,late,child,independent,1,-0.5,-0.5,-0.5,-1.76,0.785,0.536,-0.084,-1.612,1.136,0.171,0.618,0.844922534,-1.687077466,0.156160569,0
41,late,child,independent,1,-0.5,-0.5,-0.5,-1.76,0.785,0.536,-0.084,-1.612,1.136,0.171,0.618,0.844922534,-1.687077466,0.156160569,0
41,late,child,independent,1,-0.5,-0.5,-0.5,-1.76,0.785,0.536,-0.084,-1.612,1.136,0.171,0.618,0.844922534,-1.687077466,0.156160569,1
42,late,child,dependent,1,-0.5,-0.5,0.5,-1.76,0.785,0.536,-0.084,-1.612,1.136,0.171,0.618,0.733622088,-2.381377912,0.084603791,0
42,late,child,dependent,1,-0.5,-0.5,0.5,-1.76,0.785,0.536,-0.084,-1.612,1.136,0.171,0.618,0.733622088,-2.381377912,0.084603791,0
42,late,child,dependent,1,-0.5,-0.5,0.5,-1.76,0.785,0.536,-0.084,-1.612,1.136,0.171,0.618,0.733622088,-2.381377912,0.084603791,0
42,late,child,dependent,1,-0.5,-0.5,0.5,-1.76,0.785,0.536,-0.084,-1.612,1.136,0.171,0.618,0.733622088,-2.381377912,0.084603791,0
42,late,child,dependent,1,-0.5,-0.5,0.5,-1.76,0.785,0.536,-0.084,-1.612,1.136,0.171,0.618,0.733622088,-2.381377912,0.084603791,0
42,late,child,dependent,1,-0.5,-0.5,0.5,-1.76,0.785,0.536,-0.084,-1.612,1.136,0.171,0.618,0.733622088,-2.381377912,0.084603791,0
42,late,child,dependent,1,-0.5,-0.5,0.5,-1.76,0.785,0.536,-0.084,-1.612,1.136,0.171,0.618,0.733622088,-2.381377912,0.084603791,0
42,late,child,independent,1,-0.5,-0.5,-0.5,-1.76,0.785,0.536,-0.084,-1.612,1.136,0.171,0.618,0.733622088,-1.798377912,0.142048635,0
42,late,child,independent,1,-0.5,-0.5,-0.5,-1.76,0.785,0.536,-0.084,-1.612,1.136,0.171,0.618,0.733622088,-1.798377912,0.142048635,0
42,late,child,independent,1,-0.5,-0.5,-0.5,-1.76,0.785,0.536,-0.084,-1.612,1.136,0.171,0.618,0.733622088,-1.798377912,0.142048635,0
42,late,child,independent,1,-0.5,-0.5,-0.5,-1.76,0.785,0.536,-0.084,-1.612,1.136,0.171,0.618,0.733622088,-1.798377912,0.142048635,0
42,late,child,independent,1,-0.5,-0.5,-0.5,-1.76,0.785,0.536,-0.084,-1.612,1.136,0.171,0.618,0.733622088,-1.798377912,0.142048635,0
42,late,child,independent,1,-0.5,-0.5,-0.5,-1.76,0.785,0.536,-0.084,-1.612,1.136,0.171,0.618,0.733622088,-1.798377912,0.142048635,0
43,late,child,dependent,1,-0.5,-0.5,0.5,-1.76,0.785,0.536,-0.084,-1.612,1.136,0.171,0.618,0.546253997,-2.568746003,0.071177162,0
43,late,child,dependent,1,-0.5,-0.5,0.5,-1.76,0.785,0.536,-0.084,-1.612,1.136,0.171,0.618,0.546253997,-2.568746003,0.071177162,0
43,late,child,dependent,1,-0.5,-0.5,0.5,-1.76,0.785,0.536,-0.084,-1.612,1.136,0.171,0.618,0.546253997,-2.568746003,0.071177162,0
43,late,child,dependent,1,-0.5,-0.5,0.5,-1.76,0.785,0.536,-0.084,-1.612,1.136,0.171,0.618,0.546253997,-2.568746003,0.071177162,0
43,late,child,dependent,1,-0.5,-0.5,0.5,-1.76,0.785,0.536,-0.084,-1.612,1.136,0.171,0.618,0.546253997,-2.568746003,0.071177162,0
43,late,child,dependent,1,-0.5,-0.5,0.5,-1.76,0.785,0.536,-0.084,-1.612,1.136,0.171,0.618,0.546253997,-2.568746003,0.071177162,0
43,late,child,dependent,1,-0.5,-0.5,0.5,-1.76,0.785,0.536,-0.084,-1.612,1.136,0.171,0.618,0.546253997,-2.568746003,0.071177162,0
43,late,child,dependent,1,-0.5,-0.5,0.5,-1.76,0.785,0.536,-0.084,-1.612,1.136,0.171,0.618,0.546253997,-2.568746003,0.071177162,0
43,late,child,independent,1,-0.5,-0.5,-0.5,-1.76,0.785,0.536,-0.084,-1.612,1.136,0.171,0.618,0.546253997,-1.985746003,0.120707642,1
43,late,child,independent,1,-0.5,-0.5,-0.5,-1.76,0.785,0.536,-0.084,-1.612,1.136,0.171,0.618,0.546253997,-1.985746003,0.120707642,0
43,late,child,independent,1,-0.5,-0.5,-0.5,-1.76,0.785,0.536,-0.084,-1.612,1.136,0.171,0.618,0.546253997,-1.985746003,0.120707642,0
43,late,child,independent,1,-0.5,-0.5,-0.5,-1.76,0.785,0.536,-0.084,-1.612,1.136,0.171,0.618,0.546253997,-1.985746003,0.120707642,0
44,late,child,dependent,1,-0.5,-0.5,0.5,-1.76,0.785,0.536,-0.084,-1.612,1.136,0.171,0.618,-1.222343245,-4.337343245,0.012902557,0
44,late,child,dependent,1,-0.5,-0.5,0.5,-1.76,0.785,0.536,-0.084,-1.612,1.136,0.171,0.618,-1.222343245,-4.337343245,0.012902557,0
44,late,child,dependent,1,-0.5,-0.5,0.5,-1.76,0.785,0.536,-0.084,-1.612,1.136,0.171,0.618,-1.222343245,-4.337343245,0.012902557,0
44,late,child,dependent,1,-0.5,-0.5,0.5,-1.76,0.785,0.536,-0.084,-1.612,1.136,0.171,0.618,-1.222343245,-4.337343245,0.012902557,0
44,late,child,dependent,1,-0.5,-0.5,0.5,-1.76,0.785,0.536,-0.084,-1.612,1.136,0.171,0.618,-1.222343245,-4.337343245,0.012902557,0
44,late,child,dependent,1,-0.5,-0.5,0.5,-1.76,0.785,0.536,-0.084,-1.612,1.136,0.171,0.618,-1.222343245,-4.337343245,0.012902557,0
44,late,child,dependent,1,-0.5,-0.5,0.5,-1.76,0.785,0.536,-0.084,-1.612,1.136,0.171,0.618,-1.222343245,-4.337343245,0.012902557,0
44,late,child,dependent,1,-0.5,-0.5,0.5,-1.76,0.785,0.536,-0.084,-1.612,1.136,0.171,0.618,-1.222343245,-4.337343245,0.012902557,0
44,late,child,independent,1,-0.5,-0.5,-0.5,-1.76,0.785,0.536,-0.084,-1.612,1.136,0.171,0.618,-1.222343245,-3.754343245,0.022880068,0
44,late,child,independent,1,-0.5,-0.5,-0.5,-1.76,0.785,0.536,-0.084,-1.612,1.136,0.171,0.618,-1.222343245,-3.754343245,0.022880068,0
44,late,child,independent,1,-0.5,-0.5,-0.5,-1.76,0.785,0.536,-0.084,-1.612,1.136,0.171,0.618,-1.222343245,-3.754343245,0.022880068,0
44,late,child,independent,1,-0.5,-0.5,-0.5,-1.76,0.785,0.536,-0.084,-1.612,1.136,0.171,0.618,-1.222343245,-3.754343245,0.022880068,0
44,late,child,independent,1,-0.5,-0.5,-0.5,-1.76,0.785,0.536,-0.084,-1.612,1.136,0.171,0.618,-1.222343245,-3.754343245,0.022880068,0
